id;data_inversa;dia_semana;horario;uf;br;km;municipio;causa_acidente;tipo_acidente;classificacao_acidente;fase_dia;sentido_via;condicao_metereologica;tipo_pista;tracado_via;uso_solo;pessoas;veiculos
276610;2020-03-20;sexta-feira;19:00:00;SP;116;101.0;PINDAMONHANGABA;Defeito Mecânico no Veículo;Tombamento;Com Vítimas Feridas;Plena Noite;Crescente;Chuva;Dupla;Reta;Não;1;1
276611;2020-03-20;sexta-feira;18:40:00;SP;116;170.0;JACAREI;Falta de Atenção do Pedestre;Atropelamento de Pedestre;Com Vítimas Fatais;Plena Noite;Decrescente;Nublado;Dupla;Reta;Não;6;2
276630;2020-03-20;sexta-feira;21:00:00;SP;116;222.9;GUARULHOS;Falta de Atenção à Condução;Colisão traseira;Com Vítimas Feridas;Plena Noite;Decrescente;Garoa/Chuvisco;Dupla;Reta;Sim;2;2
276780;2020-03-21;sábado;22:30:00;SP;116;212.0;GUARULHOS;Falta de Atenção à Condução;Colisão com objeto estático;Com Vítimas Feridas;Plena Noite;Crescente;Nublado;Múltipla;Reta;Não;1;1
276786;2020-03-21;sábado;22:40:00;SP;116;138.9;SAO JOSE DOS CAMPOS;Desobediência às normas de trânsito pelo condutor;Colisão transversal;Com Vítimas Feridas;Plena Noite;Decrescente;Nublado;Dupla;Reta;Não;4;3
276884;2020-03-22;domingo;19:53:00;SP;116;108.1;TAUBATE;Velocidade Incompatível;Colisão traseira;Com Vítimas Feridas;Plena Noite;Decrescente;Céu Claro;Dupla;Reta;Não;2;2
276917;2020-03-23;segunda-feira;02:30:00;SP;116;148.0;SAO JOSE DOS CAMPOS;Falta de Atenção do Pedestre;Atropelamento de Pedestre;Com Vítimas Fatais;Plena Noite;Decrescente;Nublado;Múltipla;Reta;Sim;2;1
276936;2020-03-23;segunda-feira;06:23:00;SP;116;214.0;GUARULHOS;Falta de Atenção à Condução;Colisão traseira;Com Vítimas Feridas;Pleno dia;Decrescente;Céu Claro;Múltipla;Não Informado;Sim;2;2
276953;2020-03-23;segunda-feira;11:00:00;SP;116;170.3;JACAREI;Condutor Dormindo;Capotamento;Com Vítimas Feridas;Pleno dia;Decrescente;Sol;Dupla;Curva;Não;1;1
277005;2020-03-23;segunda-feira;21:10:00;SP;116;145.0;SAO JOSE DOS CAMPOS;Falta de Atenção à Condução;Queda de ocupante de veículo;Com Vítimas Feridas;Plena Noite;Crescente;Céu Claro;Dupla;Desvio Temporário;Sim;2;1
277019;2020-03-24;terça-feira;04:30:00;SP;116;128.2;CACAPAVA;Falta de Atenção do Pedestre;Atropelamento de Pedestre;Com Vítimas Fatais;Plena Noite;Decrescente;Nublado;Dupla;Reta;Sim;2;1
277043;2020-03-24;terça-feira;10:45:00;SP;116;121.6;CACAPAVA;Falta de Atenção à Condução;Colisão com objeto estático;Com Vítimas Feridas;Pleno dia;Decrescente;Céu Claro;Dupla;Reta;Não;1;1
277121;2020-03-25;quarta-feira;00:00:00;SP;116;107.2;TAUBATE;Falta de Atenção à Condução;Colisão com objeto estático;Com Vítimas Feridas;Pleno dia;Decrescente;Céu Claro;Múltipla;Reta;Sim;1;1
277141;2020-03-25;quarta-feira;08:25:00;SP;116;223.0;GUARULHOS;Defeito Mecânico no Veículo;Queda de ocupante de veículo;Com Vítimas Feridas;Pleno dia;Decrescente;Céu Claro;Múltipla;Reta;Sim;1;1
277144;2020-03-24;terça-feira;20:30:00;SP;116;149.1;SAO JOSE DOS CAMPOS;Avarias e/ou desgaste excessivo no pneu;Tombamento;Com Vítimas Feridas;Plena Noite;Decrescente;Céu Claro;Dupla;Reta;Sim;1;1
277180;2020-03-25;quarta-feira;18:10:00;SP;116;228.0;SAO PAULO;Velocidade Incompatível;Colisão traseira;Com Vítimas Feridas;Plena Noite;Decrescente;Céu Claro;Múltipla;Reta;Sim;3;2
277559;2020-02-12;quarta-feira;07:45:00;SP;116;161.5;JACAREI;Falta de Atenção à Condução;Colisão lateral;Com Vítimas Feridas;Pleno dia;Crescente;Céu Claro;Múltipla;Ponte;Sim;2;2
277593;2020-03-29;domingo;14:35:00;SP;116;226.0;GUARULHOS;Velocidade Incompatível;Colisão traseira;Com Vítimas Feridas;Pleno dia;Crescente;Nublado;Múltipla;Reta;Sim;2;2
277617;2020-03-29;domingo;18:00:00;SP;116;214.0;GUARULHOS;Ingestão de Álcool;Colisão lateral;Sem Vítimas;Anoitecer;Crescente;Garoa/Chuvisco;Múltipla;Reta;Sim;2;2
277644;2020-03-29;domingo;19:50:00;SP;116;144.0;SAO JOSE DOS CAMPOS;Velocidade Incompatível;Saída de leito carroçável;Com Vítimas Feridas;Plena Noite;Decrescente;Chuva;Múltipla;Desvio Temporário;Sim;4;1
277680;2020-03-30;segunda-feira;05:00:00;SP;116;214.0;GUARULHOS;Falta de Atenção à Condução;Colisão lateral;Com Vítimas Feridas;Amanhecer;Crescente;Nublado;Múltipla;Não Informado;Sim;2;2
277773;2020-03-30;segunda-feira;21:50:00;SP;116;199.0;ARUJA;Falta de Atenção à Condução;Tombamento;Com Vítimas Feridas;Plena Noite;Crescente;Céu Claro;Múltipla;Reta;Sim;1;1
277800;2020-03-31;terça-feira;07:40:00;SP;116;216.0;GUARULHOS;Velocidade Incompatível;Tombamento;Com Vítimas Feridas;Pleno dia;Crescente;Nublado;Múltipla;Reta;Sim;1;1
277926;2020-04-01;quarta-feira;08:50:00;SP;116;211.9;GUARULHOS;Falta de Atenção à Condução;Colisão traseira;Com Vítimas Feridas;Pleno dia;Crescente;Nublado;Múltipla;Reta;Sim;2;2
278158;2020-04-03;sexta-feira;05:50:00;SP;116;107.4;TAUBATE;Restrição de Visibilidade;Colisão com objeto estático;Com Vítimas Feridas;Amanhecer;Decrescente;Nublado;Dupla;Reta;Sim;1;1
278251;2020-04-03;sexta-feira;18:25:00;SP;116;205.0;ARUJA;Falta de Atenção à Condução;Queda de ocupante de veículo;Com Vítimas Feridas;Anoitecer;Crescente;Nublado;Dupla;Reta;Não;1;1
278553;2020-04-05;domingo;20:00:00;SP;116;212.4;GUARULHOS;Falta de Atenção à Condução;Colisão com objeto estático;Sem Vítimas;Plena Noite;Crescente;Céu Claro;Múltipla;Reta;Sim;1;1
278554;2020-04-05;domingo;20:30:00;SP;116;123.4;CACAPAVA;Defeito Mecânico no Veículo;Queda de ocupante de veículo;Com Vítimas Feridas;Plena Noite;Crescente;Céu Claro;Dupla;Reta;Não;2;1
278585;2020-04-06;segunda-feira;04:47:00;SP;116;219.0;GUARULHOS;Desobediência às normas de trânsito pelo pedestre;Atropelamento de Pedestre;Com Vítimas Feridas;Amanhecer;Crescente;Céu Claro;Múltipla;Reta;Sim;2;1
278655;2020-04-06;segunda-feira;15:20:00;SP;116;216.0;GUARULHOS;Falta de Atenção à Condução;Tombamento;Com Vítimas Feridas;Pleno dia;Decrescente;Céu Claro;Múltipla;Reta;Sim;1;1
278656;2020-04-06;segunda-feira;14:50:00;SP;116;212.0;GUARULHOS;Falta de Atenção à Condução;Tombamento;Com Vítimas Feridas;Pleno dia;Crescente;Céu Claro;Múltipla;Desvio Temporário;Sim;2;1
278987;2020-04-08;quarta-feira;23:30:00;SP;116;215.1;GUARULHOS;Não guardar distância de segurança;Colisão traseira;Com Vítimas Feridas;Plena Noite;Decrescente;Nublado;Múltipla;Desvio Temporário;Sim;5;4
278997;2020-04-09;quinta-feira;03:20:00;SP;116;216.9;GUARULHOS;Desobediência às normas de trânsito pelo condutor;Colisão com objeto estático;Com Vítimas Feridas;Plena Noite;Crescente;Céu Claro;Dupla;Desvio Temporário;Sim;2;1
279193;2020-04-10;sexta-feira;08:30:00;SP;116;224.4;GUARULHOS;Velocidade Incompatível;Colisão com objeto estático;Sem Vítimas;Pleno dia;Decrescente;Céu Claro;Múltipla;Reta;Sim;1;1
279207;2020-04-10;sexta-feira;10:50:00;SP;116;211.8;GUARULHOS;Animais na Pista;Colisão traseira;Sem Vítimas;Pleno dia;Crescente;Sol;Múltipla;Desvio Temporário;Sim;3;2
279228;2020-04-10;sexta-feira;15:10:00;SP;116;221.8;GUARULHOS;Desobediência às normas de trânsito pelo condutor;Colisão lateral;Sem Vítimas;Pleno dia;Crescente;Sol;Múltipla;Reta;Sim;3;3
279260;2020-04-10;sexta-feira;21:30:00;SP;116;160.5;JACAREI;Desobediência às normas de trânsito pelo condutor;Colisão traseira;Com Vítimas Feridas;Plena Noite;Decrescente;Céu Claro;Dupla;Reta;Sim;3;2
279288;2020-04-11;sábado;01:01:00;SP;116;224.0;GUARULHOS;Velocidade Incompatível;Colisão traseira;Com Vítimas Feridas;Plena Noite;Crescente;Céu Claro;Simples;Reta;Sim;4;2
279333;2020-04-11;sábado;11:50:00;SP;116;100.6;PINDAMONHANGABA;Falta de Atenção à Condução;Tombamento;Com Vítimas Feridas;Pleno dia;Decrescente;Nublado;Dupla;Reta;Não;1;1
279369;2020-04-11;sábado;18:00:00;SP;116;214.0;GUARULHOS;Falta de Atenção à Condução;Colisão com objeto estático;Com Vítimas Feridas;Anoitecer;Decrescente;Nublado;Múltipla;Reta;Sim;3;1
279421;2020-04-11;sábado;23:00:00;SP;116;150.4;SAO JOSE DOS CAMPOS;Falta de Atenção à Condução;Colisão traseira;Sem Vítimas;Plena Noite;Crescente;Céu Claro;Dupla;Reta;Sim;2;2
279449;2020-04-12;domingo;04:00:00;SP;116;214.0;GUARULHOS;Ingestão de Álcool;Colisão com objeto estático;Sem Vítimas;Plena Noite;Decrescente;Céu Claro;Múltipla;Reta;Sim;1;1
279450;2020-04-12;domingo;03:55:00;SP;116;108.0;TAUBATE;Animais na Pista;Atropelamento de Animal;Com Vítimas Feridas;Plena Noite;Decrescente;Céu Claro;Dupla;Reta;Sim;2;1
279532;2020-04-12;domingo;16:30:00;SP;116;157.0;SAO JOSE DOS CAMPOS;Falta de Atenção à Condução;Colisão lateral;Com Vítimas Feridas;Pleno dia;Decrescente;Céu Claro;Dupla;Reta;Sim;2;1
279563;2020-04-12;domingo;19:00:00;SP;116;214.7;GUARULHOS;Ingestão de Álcool;Colisão traseira;Sem Vítimas;Plena Noite;Decrescente;Nublado;Múltipla;Reta;Sim;2;2
279571;2020-04-12;domingo;19:00:00;SP;116;146.0;SAO JOSE DOS CAMPOS;Falta de Atenção à Condução;Colisão traseira;Sem Vítimas;Plena Noite;Crescente;Céu Claro;Múltipla;Reta;Não;2;2
279634;2020-04-13;segunda-feira;08:42:00;SP;116;215.0;GUARULHOS;Desobediência às normas de trânsito pelo condutor;Tombamento;Com Vítimas Feridas;Pleno dia;Crescente;Céu Claro;Múltipla;Interseção de vias;Sim;2;2
279774;2020-04-14;terça-feira;09:20:00;SP;116;228.2;SAO PAULO;Falta de Atenção à Condução;Colisão traseira;Com Vítimas Feridas;Pleno dia;Decrescente;Céu Claro;Múltipla;Não Informado;Sim;1;1
279854;2020-04-14;terça-feira;20:20:00;SP;116;221.0;GUARULHOS;Falta de Atenção à Condução;Tombamento;Com Vítimas Feridas;Plena Noite;Decrescente;Nublado;Múltipla;Reta;Sim;1;1
279903;2020-02-20;quinta-feira;09:40:00;SP;116;227.0;GUARULHOS;Falta de Atenção à Condução;Colisão traseira;Com Vítimas Feridas;Pleno dia;Crescente;Sol;Múltipla;Reta;Sim;4;3
280080;2020-04-16;quinta-feira;15:00:00;SP;116;131.6;CACAPAVA;Falta de Atenção à Condução;Colisão traseira;Com Vítimas Feridas;Pleno dia;Crescente;Céu Claro;Dupla;Reta;Não;2;2
280149;2020-04-17;sexta-feira;03:50:00;SP;116;228.0;SAO PAULO;Ingestão de Álcool;Colisão com objeto estático;Com Vítimas Feridas;Plena Noite;Decrescente;Céu Claro;Múltipla;Reta;Sim;1;1
280210;2020-04-17;sexta-feira;12:50:00;SP;116;219.0;GUARULHOS;Não guardar distância de segurança;Colisão lateral;Com Vítimas Feridas;Pleno dia;Decrescente;Céu Claro;Múltipla;Reta;Sim;2;2
280317;2020-04-18;sábado;05:50:00;SP;116;107.0;TAUBATE;Falta de Atenção à Condução;Colisão traseira;Com Vítimas Feridas;Amanhecer;Crescente;Nublado;Dupla;Reta;Não;2;2
280362;2020-04-18;sábado;13:45:00;SP;116;111.3;TAUBATE;Falta de Atenção à Condução;Colisão com objeto estático;Com Vítimas Feridas;Pleno dia;Decrescente;Céu Claro;Dupla;Reta;Sim;1;1
280389;2020-04-18;sábado;15:25:00;SP;116;167.2;JACAREI;Falta de Atenção do Pedestre;Atropelamento de Pedestre;Com Vítimas Fatais;Pleno dia;Decrescente;Céu Claro;Dupla;Não Informado;Sim;2;1
280427;2020-04-18;sábado;19:00:00;SP;116;147.3;SAO JOSE DOS CAMPOS;Deficiência ou não Acionamento do Sistema de Iluminação/Sinalização do Veículo;Colisão traseira;Com Vítimas Feridas;Plena Noite;Decrescente;Céu Claro;Múltipla;Reta;Não;2;2
280465;2020-04-18;sábado;21:40:00;SP;116;227.0;SAO PAULO;Falta de Atenção à Condução;Colisão com objeto estático;Sem Vítimas;Plena Noite;Decrescente;Céu Claro;Múltipla;Reta;Sim;1;1
280503;2020-04-19;domingo;08:50:00;SP;116;102.8;PINDAMONHANGABA;Falta de Atenção à Condução;Capotamento;Com Vítimas Feridas;Pleno dia;Decrescente;Sol;Dupla;Desvio Temporário;Sim;3;1
280859;2020-04-21;terça-feira;20:00:00;SP;116;222.0;GUARULHOS;Ingestão de Álcool;Colisão traseira;Sem Vítimas;Plena Noite;Crescente;Nublado;Múltipla;Reta;Sim;3;2
280959;2020-04-22;quarta-feira;17:10:00;SP;116;149.8;SAO JOSE DOS CAMPOS;Falta de Atenção à Condução;Colisão transversal;Com Vítimas Feridas;Pleno dia;Decrescente;Céu Claro;Dupla;Interseção de vias;Não;2;2
281023;2020-04-23;quinta-feira;07:00:00;SP;116;224.3;GUARULHOS;Mal Súbito;Colisão com objeto estático;Sem Vítimas;Pleno dia;Crescente;Céu Claro;Múltipla;Reta;Sim;1;1
281046;2020-04-23;quinta-feira;10:30:00;SP;116;225.2;GUARULHOS;Avarias e/ou desgaste excessivo no pneu;Tombamento;Com Vítimas Feridas;Pleno dia;Crescente;Sol;Múltipla;Não Informado;Sim;1;1
281047;2020-04-23;quinta-feira;08:55:00;SP;116;219.3;GUARULHOS;Falta de Atenção à Condução;Colisão lateral;Com Vítimas Feridas;Pleno dia;Decrescente;Céu Claro;Múltipla;Reta;Sim;2;2
281279;2020-04-24;sexta-feira;20:30:00;SP;116;223.0;GUARULHOS;Falta de Atenção à Condução;Colisão com objeto em movimento;Com Vítimas Feridas;Plena Noite;Crescente;Nublado;Múltipla;Reta;Não;4;4
281332;2020-04-25;sábado;06:20:00;SP;116;220.6;GUARULHOS;Ingestão de Álcool;Queda de ocupante de veículo;Com Vítimas Feridas;Amanhecer;Decrescente;Nublado;Múltipla;Reta;Sim;1;1
281423;2020-04-25;sábado;15:30:00;SP;116;228.8;SAO PAULO;Mal Súbito;Colisão com objeto estático;Com Vítimas Feridas;Pleno dia;Crescente;Céu Claro;Múltipla;Reta;Sim;1;1
281438;2020-04-25;sábado;19:00:00;SP;116;199.0;ARUJA;Falta de Atenção à Condução;Colisão traseira;Com Vítimas Feridas;Plena Noite;Decrescente;Céu Claro;Múltipla;Reta;Não;2;2
281633;2020-04-26;domingo;23:00:00;SP;116;219.0;GUARULHOS;Falta de Atenção do Pedestre;Atropelamento de Pedestre;Com Vítimas Feridas;Plena Noite;Decrescente;Céu Claro;Dupla;Reta;Sim;2;1
281653;2020-04-27;segunda-feira;05:45:00;SP;116;203.0;ARUJA;Falta de Atenção à Condução;Colisão traseira;Com Vítimas Feridas;Amanhecer;Crescente;Céu Claro;Dupla;Desvio Temporário;Não;3;3
281664;2020-04-27;segunda-feira;07:45:00;SP;116;128.0;CACAPAVA;Defeito Mecânico no Veículo;Queda de ocupante de veículo;Com Vítimas Feridas;Pleno dia;Decrescente;Sol;Dupla;Reta;Sim;2;1
281811;2020-04-28;terça-feira;02:00:00;SP;116;223.0;GUARULHOS;Condutor Dormindo;Capotamento;Com Vítimas Feridas;Plena Noite;Crescente;Nublado;Múltipla;Reta;Sim;1;1
281820;2020-04-28;terça-feira;04:20:00;SP;116;114.0;TAUBATE;Defeito Mecânico no Veículo;Incêndio;Sem Vítimas;Plena Noite;Decrescente;Céu Claro;Dupla;Reta;Sim;1;1
281896;2020-04-28;terça-feira;14:00:00;SP;116;112.0;TAUBATE;Falta de Atenção à Condução;Queda de ocupante de veículo;Com Vítimas Feridas;Pleno dia;Crescente;Céu Claro;Dupla;Não Informado;Sim;1;1
282062;2020-04-29;quarta-feira;19:00:00;SP;116;220.0;GUARULHOS;Falta de Atenção à Condução;Tombamento;Com Vítimas Feridas;Plena Noite;Decrescente;Céu Claro;Múltipla;Reta;Sim;1;1
282135;2020-04-30;quinta-feira;10:47:00;SP;116;189.0;SANTA ISABEL;Condutor Dormindo;Colisão com objeto estático;Com Vítimas Feridas;Pleno dia;Decrescente;Sol;Dupla;Não Informado;Não;1;1
282145;2020-04-30;quinta-feira;12:35:00;SP;116;146.0;SAO JOSE DOS CAMPOS;Falta de Atenção à Condução;Colisão traseira;Com Vítimas Feridas;Pleno dia;Decrescente;Céu Claro;Múltipla;Não Informado;Sim;2;2
282202;2020-04-30;quinta-feira;19:04:00;SP;116;227.0;GUARULHOS;Falta de Atenção à Condução;Colisão lateral;Com Vítimas Feridas;Plena Noite;Crescente;Céu Claro;Dupla;Curva;Sim;2;2
282405;2020-05-02;sábado;00:43:00;SP;116;131.5;CACAPAVA;Falta de Atenção à Condução;Colisão traseira;Com Vítimas Fatais;Plena Noite;Crescente;Céu Claro;Dupla;Reta;Sim;2;2
282598;2020-05-03;domingo;09:40:00;SP;116;123.0;CACAPAVA;Defeito Mecânico no Veículo;Tombamento;Com Vítimas Feridas;Pleno dia;Decrescente;Céu Claro;Dupla;Não Informado;Não;1;1
282609;2020-05-03;domingo;12:30:00;SP;116;159.8;JACAREI;Animais na Pista;Atropelamento de Animal;Com Vítimas Feridas;Pleno dia;Crescente;Nublado;Dupla;Reta;Não;1;1
282659;2020-05-03;domingo;18:30:00;SP;116;208.0;GUARULHOS;Animais na Pista;Engavetamento;Com Vítimas Feridas;Plena Noite;Decrescente;Céu Claro;Dupla;Reta;Não;5;4
282767;2020-04-19;domingo;18:40:00;SP;116;146.0;SAO JOSE DOS CAMPOS;Falta de Atenção à Condução;Colisão traseira;Com Vítimas Feridas;Plena Noite;Decrescente;Céu Claro;Múltipla;Reta;Sim;3;2
282783;2020-05-04;segunda-feira;12:30:00;SP;116;111.1;TAUBATE;Mal Súbito;Colisão com objeto estático;Com Vítimas Feridas;Pleno dia;Decrescente;Céu Claro;Dupla;Reta;Não;1;1
282970;2020-05-05;terça-feira;20:14:00;SP;116;214.0;GUARULHOS;Objeto estático sobre o leito carroçável;Colisão com objeto estático;Com Vítimas Feridas;Plena Noite;Decrescente;Céu Claro;Dupla;Desvio Temporário;Sim;1;1
283024;2020-05-06;quarta-feira;06:55:00;SP;116;184.4;SANTA ISABEL;Condutor Dormindo;Colisão traseira;Sem Vítimas;Pleno dia;Decrescente;Céu Claro;Dupla;Desvio Temporário;Não;2;2
283147;2020-05-06;quarta-feira;18:40:00;SP;116;220.0;GUARULHOS;Não guardar distância de segurança;Colisão lateral;Com Vítimas Feridas;Plena Noite;Decrescente;Chuva;Múltipla;Reta;Sim;1;1
283193;2020-05-07;quinta-feira;06:30:00;SP;116;199.0;ARUJA;Falta de Atenção à Condução;Colisão traseira;Com Vítimas Feridas;Amanhecer;Crescente;Nublado;Dupla;Não Informado;Sim;1;1
283316;2020-05-07;quinta-feira;21:20:00;SP;116;145.2;SAO JOSE DOS CAMPOS;Falta de Atenção à Condução;Colisão traseira;Com Vítimas Feridas;Plena Noite;Crescente;Nublado;Múltipla;Reta;Sim;3;3
283355;2020-05-08;sexta-feira;08:10:00;SP;116;112.0;TAUBATE;Avarias e/ou desgaste excessivo no pneu;Tombamento;Com Vítimas Feridas;Pleno dia;Crescente;Céu Claro;Dupla;Reta;Sim;2;1
283415;2020-05-08;sexta-feira;15:48:00;SP;116;206.0;GUARULHOS;Falta de Atenção à Condução;Tombamento;Com Vítimas Feridas;Pleno dia;Crescente;Céu Claro;Dupla;Reta;Sim;1;1
283571;2020-05-09;sábado;12:00:00;SP;116;134.0;CACAPAVA;Agressão Externa;Colisão com objeto em movimento;Com Vítimas Feridas;Pleno dia;Crescente;Céu Claro;Dupla;Reta;Não;1;1
283626;2020-05-09;sábado;18:45:00;SP;116;157.2;SAO JOSE DOS CAMPOS;Defeito Mecânico no Veículo;Colisão traseira;Com Vítimas Feridas;Anoitecer;Decrescente;Céu Claro;Dupla;Reta;Não;2;2
283656;2020-05-09;sábado;21:00:00;SP;116;161.0;JACAREI;Ingestão de Álcool;Colisão traseira;Com Vítimas Feridas;Plena Noite;Decrescente;Céu Claro;Dupla;Reta;Não;4;2
283666;2020-05-09;sábado;21:00:00;SP;116;229.0;GUARULHOS;Falta de Atenção à Condução;Queda de ocupante de veículo;Com Vítimas Feridas;Plena Noite;Crescente;Nublado;Múltipla;Reta;Não;2;1
283712;2020-05-10;domingo;05:50:00;SP;116;218.8;GUARULHOS;Ingestão de Álcool;Colisão com objeto estático;Com Vítimas Feridas;Amanhecer;Crescente;Nublado;Múltipla;Curva;Sim;1;1
283828;2020-05-10;domingo;19:00:00;SP;116;214.0;GUARULHOS;Desobediência às normas de trânsito pelo pedestre;Colisão frontal;Com Vítimas Feridas;Plena Noite;Crescente;Nublado;Múltipla;Reta;Sim;3;2
283964;2020-05-11;segunda-feira;16:30:00;SP;116;229.0;SAO PAULO;Não guardar distância de segurança;Colisão lateral;Com Vítimas Fatais;Pleno dia;Crescente;Céu Claro;Múltipla;Reta;Sim;2;2
284085;2020-05-12;terça-feira;13:00:00;SP;116;218.0;GUARULHOS;Falta de Atenção à Condução;Saída de leito carroçável;Sem Vítimas;Pleno dia;Crescente;Céu Claro;Múltipla;Reta;Sim;2;1
284140;2020-05-12;terça-feira;19:48:00;SP;116;173.0;JACAREI;Desobediência às normas de trânsito pelo condutor;Saída de leito carroçável;Com Vítimas Fatais;Plena Noite;Crescente;Céu Claro;Dupla;Reta;Não;2;2
284183;2020-05-13;quarta-feira;02:00:00;SP;116;220.0;GUARULHOS;Ingestão de Álcool;Colisão traseira;Com Vítimas Feridas;Plena Noite;Decrescente;Nublado;Múltipla;Reta;Não;4;2
284188;2020-05-13;quarta-feira;05:33:00;SP;116;185.0;SANTA ISABEL;Falta de Atenção à Condução;Colisão com objeto estático;Com Vítimas Feridas;Amanhecer;Decrescente;Nevoeiro/Neblina;Dupla;Reta;Não;2;1
284362;2020-05-14;quinta-feira;07:50:00;SP;116;212.0;GUARULHOS;Falta de Atenção à Condução;Colisão traseira;Com Vítimas Feridas;Pleno dia;Decrescente;Céu Claro;Múltipla;Reta;Sim;2;2
284423;2020-05-14;quinta-feira;17:05:00;SP;116;144.7;SAO JOSE DOS CAMPOS;Não guardar distância de segurança;Tombamento;Com Vítimas Feridas;Pleno dia;Decrescente;Céu Claro;Dupla;Reta;Sim;1;1
284497;2020-05-15;sexta-feira;05:00:00;SP;116;104.0;TAUBATE;Pista Escorregadia;Colisão com objeto estático;Sem Vítimas;Plena Noite;Decrescente;Chuva;Dupla;Reta;Não;1;1
284533;2020-05-15;sexta-feira;09:15:00;SP;116;218.5;GUARULHOS;Pista Escorregadia;Tombamento;Com Vítimas Feridas;Pleno dia;Crescente;Garoa/Chuvisco;Simples;Curva;Sim;2;1
284574;2020-05-15;sexta-feira;17:45:00;SP;116;146.0;SAO JOSE DOS CAMPOS;Condutor Dormindo;Colisão com objeto estático;Com Vítimas Feridas;Plena Noite;Crescente;Céu Claro;Dupla;Reta;Não;2;1
284677;2020-05-16;sábado;05:20:00;SP;116;220.9;GUARULHOS;Falta de Atenção à Condução;Colisão traseira;Com Vítimas Feridas;Plena Noite;Crescente;Nublado;Múltipla;Reta;Não;2;2
284792;2020-05-16;sábado;18:10:00;SP;116;177.7;GUARAREMA;Falta de Atenção do Pedestre;Atropelamento de Pedestre;Com Vítimas Fatais;Plena Noite;Decrescente;Nublado;Dupla;Reta;Não;2;1
284801;2020-05-16;sábado;18:20:00;SP;116;186.0;SANTA ISABEL;Falta de Atenção à Condução;Colisão lateral;Com Vítimas Feridas;Plena Noite;Crescente;Céu Claro;Dupla;Curva;Não;2;2
284841;2020-05-16;sábado;20:30:00;SP;116;175.7;GUARAREMA;Desobediência às normas de trânsito pelo condutor;Colisão traseira;Com Vítimas Feridas;Plena Noite;Crescente;Céu Claro;Dupla;Reta;Não;4;2
284943;2020-05-17;domingo;15:30:00;SP;116;226.0;GUARULHOS;Defeito Mecânico no Veículo;Incêndio;Sem Vítimas;Pleno dia;Decrescente;Céu Claro;Múltipla;Reta;Sim;1;1
285010;2020-05-17;domingo;20:40:00;SP;116;223.0;GUARULHOS;Velocidade Incompatível;Colisão com objeto estático;Com Vítimas Feridas;Plena Noite;Crescente;Céu Claro;Múltipla;Reta;Sim;1;1
285120;2020-05-18;segunda-feira;14:50:00;SP;116;227.0;GUARULHOS;Falta de Atenção à Condução;Engavetamento;Sem Vítimas;Pleno dia;Crescente;Céu Claro;Múltipla;Reta;Não;3;3
285126;2020-05-18;segunda-feira;15:40:00;SP;116;145.9;SAO JOSE DOS CAMPOS;Falta de Atenção à Condução;Colisão traseira;Com Vítimas Feridas;Pleno dia;Decrescente;Céu Claro;Múltipla;Reta;Sim;2;2
285206;2020-05-19;terça-feira;05:30:00;SP;116;158.3;JACAREI;Falta de Atenção do Pedestre;Atropelamento de Pedestre;Com Vítimas Fatais;Plena Noite;Crescente;Céu Claro;Dupla;Não Informado;Não;4;2
285252;2020-05-19;terça-feira;07:15:00;SP;116;111.0;TAUBATE;Pista Escorregadia;Tombamento;Com Vítimas Feridas;Pleno dia;Decrescente;Céu Claro;Dupla;Retorno Regulamentado;Sim;1;1
285361;2020-05-20;quarta-feira;06:40:00;SP;116;144.1;SAO JOSE DOS CAMPOS;Não guardar distância de segurança;Colisão traseira;Sem Vítimas;Pleno dia;Decrescente;Céu Claro;Dupla;Reta;Sim;2;2
285362;2020-05-20;quarta-feira;05:40:00;SP;116;146.4;SAO JOSE DOS CAMPOS;Defeito Mecânico no Veículo;Queda de ocupante de veículo;Com Vítimas Feridas;Amanhecer;Crescente;Céu Claro;Dupla;Reta;Não;2;2
285498;2020-05-21;quinta-feira;06:40:00;SP;116;217.1;GUARULHOS;Velocidade Incompatível;Tombamento;Com Vítimas Feridas;Pleno dia;Decrescente;Céu Claro;Dupla;Curva;Sim;1;1
285539;2020-05-21;quinta-feira;11:57:00;SP;116;103.0;PINDAMONHANGABA;Defeito Mecânico no Veículo;Tombamento;Com Vítimas Feridas;Pleno dia;Decrescente;Sol;Dupla;Reta;Não;1;1
285611;2020-05-21;quinta-feira;18:45:00;SP;116;211.0;GUARULHOS;Velocidade Incompatível;Colisão lateral;Com Vítimas Feridas;Anoitecer;Decrescente;Céu Claro;Múltipla;Reta;Sim;4;3
285669;2020-05-22;sexta-feira;06:00:00;SP;116;226.8;GUARULHOS;Falta de Atenção à Condução;Colisão lateral;Com Vítimas Feridas;Amanhecer;Crescente;Céu Claro;Múltipla;Curva;Sim;2;2