id;data_inversa;dia_semana;horario;uf;br;km;municipio;causa_acidente;tipo_acidente;classificacao_acidente;fase_dia;sentido_via;condicao_metereologica;tipo_pista;tracado_via;uso_solo;pessoas;veiculos
285716;2020-05-22;sexta-feira;11:10:00;SP;116;103.1;PINDAMONHANGABA;Desobediência às normas de trânsito pelo condutor;Colisão traseira;Com Vítimas Feridas;Pleno dia;Crescente;Sol;Dupla;Não Informado;Não;2;1
285901;2020-05-23;sábado;09:00:00;SP;116;221.9;GUARULHOS;Velocidade Incompatível;Saída de leito carroçável;Sem Vítimas;Pleno dia;Crescente;Nublado;Múltipla;Reta;Sim;1;1
285930;2020-05-23;sábado;14:50:00;SP;116;201.0;ARUJA;Defeito Mecânico no Veículo;Tombamento;Com Vítimas Feridas;Pleno dia;Crescente;Céu Claro;Dupla;Curva;Não;1;1
285998;2020-05-23;sábado;20:30:00;SP;116;216.0;GUARULHOS;Ingestão de Álcool;Colisão com objeto estático;Sem Vítimas;Plena Noite;Decrescente;Garoa/Chuvisco;Múltipla;Reta;Sim;1;1
286010;2020-05-23;sábado;20:50:00;SP;116;141.0;SAO JOSE DOS CAMPOS;Falta de Atenção à Condução;Saída de leito carroçável;Com Vítimas Feridas;Plena Noite;Decrescente;Céu Claro;Dupla;Reta;Sim;2;1
286027;2020-05-23;sábado;22:15:00;SP;116;111.0;TAUBATE;Falta de Atenção à Condução;Tombamento;Com Vítimas Feridas;Plena Noite;Decrescente;Nublado;Dupla;Reta;Sim;2;1
286053;2020-05-24;domingo;03:20:00;SP;116;206.2;GUARULHOS;Falta de Atenção à Condução;Colisão traseira;Com Vítimas Feridas;Plena Noite;Crescente;Nublado;Dupla;Reta;Sim;2;2
286059;2020-05-24;domingo;05:20:00;SP;116;210.0;GUARULHOS;Desobediência às normas de trânsito pelo condutor;Capotamento;Com Vítimas Feridas;Amanhecer;Decrescente;Céu Claro;Dupla;Reta;Não;2;1
286074;2020-05-24;domingo;06:00:00;SP;116;149.3;SAO JOSE DOS CAMPOS;Condutor Dormindo;Colisão lateral;Com Vítimas Feridas;Amanhecer;Crescente;Nublado;Dupla;Reta;Sim;1;1
286371;2020-05-26;terça-feira;05:05:00;SP;116;211.6;GUARULHOS;Agressão Externa;Tombamento;Com Vítimas Feridas;Amanhecer;Decrescente;Céu Claro;Múltipla;Reta;Sim;4;2
286487;2020-05-26;terça-feira;17:00:00;SP;116;215.0;GUARULHOS;Falta de Atenção à Condução;Colisão lateral;Com Vítimas Feridas;Anoitecer;Decrescente;Céu Claro;Múltipla;Reta;Sim;4;2
286536;2020-05-26;terça-feira;18:30:00;SP;116;215.0;GUARULHOS;Defeito Mecânico no Veículo;Colisão traseira;Com Vítimas Feridas;Plena Noite;Decrescente;Céu Claro;Múltipla;Reta;Sim;2;2
286553;2020-05-26;terça-feira;19:30:00;SP;116;218.0;GUARULHOS;Não guardar distância de segurança;Colisão lateral;Com Vítimas Feridas;Plena Noite;Decrescente;Céu Claro;Múltipla;Reta;Sim;4;3
286562;2020-05-26;terça-feira;20:20:00;SP;116;219.0;GUARULHOS;Falta de Atenção à Condução;Colisão traseira;Sem Vítimas;Plena Noite;Decrescente;Céu Claro;Múltipla;Reta;Sim;2;2
286572;2020-05-27;quarta-feira;01:10:00;SP;116;157.2;JACAREI;Falta de Atenção do Pedestre;Atropelamento de Pedestre;Com Vítimas Fatais;Plena Noite;Decrescente;Céu Claro;Múltipla;Reta;Sim;2;1
286669;2020-05-27;quarta-feira;17:50:00;SP;116;219.0;GUARULHOS;Não guardar distância de segurança;Engavetamento;Com Vítimas Feridas;Anoitecer;Decrescente;Nublado;Múltipla;Reta;Sim;5;5
286815;2020-05-28;quinta-feira;14:30:00;SP;116;222.0;GUARULHOS;Desobediência às normas de trânsito pelo condutor;Colisão lateral;Com Vítimas Feridas;Pleno dia;Crescente;Sol;Múltipla;Reta;Sim;2;2
286816;2020-05-28;quinta-feira;14:45:00;SP;116;223.0;GUARULHOS;Desobediência às normas de trânsito pelo condutor;Colisão lateral;Com Vítimas Feridas;Pleno dia;Crescente;Céu Claro;Múltipla;Reta;Sim;2;2
286881;2020-05-28;quinta-feira;19:45:00;SP;116;146.2;SAO JOSE DOS CAMPOS;Falta de Atenção à Condução;Colisão traseira;Com Vítimas Feridas;Plena Noite;Crescente;Céu Claro;Dupla;Não Informado;Não;2;2
287045;2020-05-29;sexta-feira;19:00:00;SP;116;146.2;SAO JOSE DOS CAMPOS;Defeito Mecânico no Veículo;Tombamento;Com Vítimas Feridas;Plena Noite;Crescente;Céu Claro;Dupla;Reta;Sim;2;1
287077;2020-05-30;sábado;00:00:00;SP;116;225.3;GUARULHOS;Falta de Atenção à Condução;Queda de ocupante de veículo;Com Vítimas Feridas;Plena Noite;Decrescente;Nublado;Múltipla;Reta;Não;1;1
287089;2020-05-30;sábado;03:10:00;SP;116;223.0;GUARULHOS;Ingestão de Álcool;Colisão com objeto estático;Com Vítimas Feridas;Plena Noite;Crescente;Céu Claro;Múltipla;Reta;Sim;1;1
287102;2020-05-30;sábado;05:20:00;SP;116;216.5;GUARULHOS;Falta de Atenção à Condução;Queda de ocupante de veículo;Com Vítimas Feridas;Plena Noite;Crescente;Nublado;Múltipla;Reta;Não;1;1
287134;2020-05-30;sábado;07:30:00;SP;116;123.6;CACAPAVA;Defeito Mecânico no Veículo;Saída de leito carroçável;Sem Vítimas;Pleno dia;Decrescente;Céu Claro;Dupla;Reta;Não;1;1
287147;2020-05-30;sábado;12:30:00;SP;116;211.5;GUARULHOS;Falta de Atenção à Condução;Tombamento;Com Vítimas Feridas;Pleno dia;Crescente;Sol;Múltipla;Reta;Sim;1;1
287246;2020-05-30;sábado;21:00:00;SP;116;218.5;GUARULHOS;Falta de Atenção à Condução;Colisão com objeto estático;Com Vítimas Feridas;Plena Noite;Crescente;Céu Claro;Múltipla;Reta;Sim;1;1
287611;2020-06-01;segunda-feira;17:00:00;SP;116;219.0;GUARULHOS;Falta de Atenção à Condução;Engavetamento;Sem Vítimas;Anoitecer;Decrescente;Céu Claro;Múltipla;Reta;Sim;4;4
287666;2020-06-01;segunda-feira;21:15:00;SP;116;229.0;SAO PAULO;Condutor Dormindo;Tombamento;Com Vítimas Feridas;Plena Noite;Decrescente;Nublado;Múltipla;Reta;Sim;1;1
287976;2020-06-03;quarta-feira;17:50:00;SP;116;229.2;SAO PAULO;Defeito Mecânico no Veículo;Tombamento;Com Vítimas Feridas;Plena Noite;Decrescente;Nublado;Múltipla;Reta;Não;1;1
288074;2020-06-04;quinta-feira;12:30:00;SP;116;112.2;TAUBATE;Falta de Atenção à Condução;Colisão lateral;Com Vítimas Feridas;Pleno dia;Decrescente;Céu Claro;Dupla;Reta;Sim;2;2
288194;2020-06-05;sexta-feira;01:40:00;SP;116;146.0;SAO JOSE DOS CAMPOS;Falta de Atenção à Condução;Colisão traseira;Com Vítimas Feridas;Plena Noite;Decrescente;Chuva;Dupla;Reta;Sim;2;2
288382;2020-06-05;sexta-feira;23:20:00;SP;116;216.0;GUARULHOS;Não guardar distância de segurança;Colisão traseira;Com Vítimas Feridas;Plena Noite;Crescente;Nublado;Múltipla;Reta;Sim;2;2
288409;2020-06-06;sábado;05:20:00;SP;116;157.2;SAO JOSE DOS CAMPOS;Ingestão de Álcool;Colisão com objeto estático;Sem Vítimas;Plena Noite;Decrescente;Nublado;Múltipla;Reta;Sim;1;1
288468;2020-06-06;sábado;12:00:00;SP;116;210.0;GUARULHOS;Velocidade Incompatível;Colisão com objeto estático;Com Vítimas Feridas;Pleno dia;Crescente;Nublado;Dupla;Reta;Sim;2;1
288500;2020-06-06;sábado;15:30:00;SP;116;226.0;GUARULHOS;Falta de Atenção à Condução;Colisão com objeto em movimento;Com Vítimas Feridas;Pleno dia;Crescente;Nublado;Múltipla;Não Informado;Sim;3;2
288510;2020-06-06;sábado;16:35:00;SP;116;216.6;GUARULHOS;Falta de Atenção do Pedestre;Atropelamento de Pedestre;Com Vítimas Fatais;Pleno dia;Crescente;Nublado;Múltipla;Reta;Sim;2;1
288523;2020-06-06;sábado;17:55:00;SP;116;112.9;TAUBATE;Falta de Atenção à Condução;Colisão traseira;Sem Vítimas;Plena Noite;Crescente;Nublado;Dupla;Reta;Sim;2;2
288607;2020-06-07;domingo;04:00:00;SP;116;109.5;TAUBATE;Falta de Atenção à Condução;Colisão com objeto estático;Sem Vítimas;Plena Noite;Crescente;Chuva;Dupla;Reta;Sim;1;1
288609;2020-06-07;domingo;04:50:00;SP;116;220.0;GUARULHOS;Objeto estático sobre o leito carroçável;Colisão com objeto estático;Com Vítimas Feridas;Plena Noite;Crescente;Ignorado;Múltipla;Reta;Sim;1;1
288696;2020-06-07;domingo;15:40:00;SP;116;160.8;JACAREI;Falta de Atenção à Condução;Colisão com objeto estático;Com Vítimas Feridas;Pleno dia;Crescente;Céu Claro;Dupla;Reta;Sim;3;2
288843;2020-06-08;segunda-feira;07:45:00;SP;116;139.9;SAO JOSE DOS CAMPOS;Falta de Atenção à Condução;Colisão traseira;Com Vítimas Feridas;Pleno dia;Crescente;Sol;Dupla;Reta;Sim;2;2
288891;2020-06-08;segunda-feira;13:18:00;SP;116;219.0;GUARULHOS;Defeito Mecânico no Veículo;Tombamento;Com Vítimas Feridas;Pleno dia;Crescente;Céu Claro;Múltipla;Reta;Sim;2;1
288892;2020-06-08;segunda-feira;13:15:00;SP;116;210.0;GUARULHOS;Defeito Mecânico no Veículo;Colisão com objeto estático;Com Vítimas Feridas;Pleno dia;Crescente;Sol;Dupla;Reta;Não;5;4
288915;2020-06-08;segunda-feira;14:00:00;SP;116;153.0;SAO JOSE DOS CAMPOS;Falta de Atenção à Condução;Colisão traseira;Com Vítimas Feridas;Pleno dia;Crescente;Céu Claro;Dupla;Reta;Não;2;2
289069;2020-04-25;sábado;20:30:00;SP;116;154.6;SAO JOSE DOS CAMPOS;Ingestão de Álcool;Colisão traseira;Com Vítimas Feridas;Plena Noite;Crescente;Céu Claro;Dupla;Reta;Sim;6;4
289101;2020-06-09;terça-feira;17:30:00;SP;116;218.0;GUARULHOS;Falta de Atenção à Condução;Colisão traseira;Com Vítimas Feridas;Anoitecer;Decrescente;Céu Claro;Múltipla;Reta;Sim;2;2
289279;2020-06-10;quarta-feira;15:00:00;SP;116;194.0;SANTA ISABEL;Falta de Atenção à Condução;Colisão traseira;Com Vítimas Feridas;Pleno dia;Crescente;Nublado;Dupla;Reta;Não;1;1
289299;2020-06-10;quarta-feira;16:30:00;SP;116;222.0;GUARULHOS;Desobediência às normas de trânsito pelo condutor;Colisão traseira;Com Vítimas Feridas;Anoitecer;Decrescente;Nublado;Múltipla;Reta;Sim;4;2
289313;2020-06-10;quarta-feira;18:20:00;SP;116;185.0;SANTA ISABEL;Objeto estático sobre o leito carroçável;Colisão traseira;Com Vítimas Feridas;Plena Noite;Decrescente;Céu Claro;Dupla;Desvio Temporário;Não;5;4
289326;2020-06-10;quarta-feira;18:50:00;SP;116;149.0;SAO JOSE DOS CAMPOS;Restrição de Visibilidade;Colisão traseira;Com Vítimas Feridas;Plena Noite;Decrescente;Nublado;Múltipla;Reta;Sim;3;3
289341;2020-06-10;quarta-feira;19:50:00;SP;116;146.0;SAO JOSE DOS CAMPOS;Falta de Atenção à Condução;Engavetamento;Com Vítimas Feridas;Plena Noite;Decrescente;Céu Claro;Múltipla;Não Informado;Sim;4;4
289378;2020-06-10;quarta-feira;22:00:00;SP;116;220.0;GUARULHOS;Defeito Mecânico no Veículo;Colisão traseira;Com Vítimas Feridas;Plena Noite;Decrescente;Céu Claro;Múltipla;Reta;Sim;2;2
289494;2020-06-11;quinta-feira;18:00:00;SP;116;214.0;GUARULHOS;Ultrapassagem Indevida;Colisão traseira;Com Vítimas Feridas;Anoitecer;Crescente;Céu Claro;Múltipla;Reta;Sim;3;2
289505;2020-06-11;quinta-feira;16:59:00;SP;116;146.8;SAO JOSE DOS CAMPOS;Velocidade Incompatível;Saída de leito carroçável;Sem Vítimas;Pleno dia;Decrescente;Sol;Simples;Curva;Não;1;1
289600;2020-06-12;sexta-feira;11:10:00;SP;116;181.0;GUARAREMA;Falta de Atenção à Condução;Queda de ocupante de veículo;Com Vítimas Feridas;Pleno dia;Decrescente;Céu Claro;Dupla;Reta;Sim;1;1
289878;2020-06-13;sábado;22:45:00;SP;116;225.0;GUARULHOS;Ingestão de Álcool;Colisão com objeto estático;Sem Vítimas;Plena Noite;Decrescente;Nublado;Múltipla;Reta;Sim;1;1
289885;2020-06-14;domingo;00:01:00;SP;116;210.0;GUARULHOS;Não guardar distância de segurança;Colisão traseira;Com Vítimas Feridas;Plena Noite;Decrescente;Nublado;Dupla;Desvio Temporário;Sim;2;2
289952;2020-06-14;domingo;06:15:00;SP;116;144.2;SAO JOSE DOS CAMPOS;Falta de Atenção à Condução;Colisão traseira;Com Vítimas Feridas;Amanhecer;Decrescente;Céu Claro;Múltipla;Reta;Sim;2;2
289990;2020-06-14;domingo;15:00:00;SP;116;219.9;GUARULHOS;Falta de Atenção à Condução;Colisão com objeto estático;Com Vítimas Feridas;Pleno dia;Decrescente;Nublado;Dupla;Reta;Sim;1;1
290034;2020-06-14;domingo;22:15:00;SP;116;153.9;SAO JOSE DOS CAMPOS;Falta de Atenção à Condução;Saída de leito carroçável;Sem Vítimas;Plena Noite;Crescente;Céu Claro;Dupla;Reta;Sim;1;1
290088;2020-06-15;segunda-feira;07:50:00;SP;116;229.0;SAO PAULO;Não guardar distância de segurança;Engavetamento;Sem Vítimas;Pleno dia;Crescente;Nublado;Múltipla;Reta;Sim;4;4
290184;2020-06-15;segunda-feira;18:00:00;SP;116;109.6;TAUBATE;Defeito Mecânico no Veículo;Incêndio;Sem Vítimas;Plena Noite;Decrescente;Céu Claro;Dupla;Reta;Sim;1;1
290189;2020-06-15;segunda-feira;18:50:00;SP;116;154.5;SAO JOSE DOS CAMPOS;Defeito Mecânico no Veículo;Saída de leito carroçável;Com Vítimas Feridas;Plena Noite;Crescente;Nublado;Múltipla;Reta;Sim;1;1
290238;2020-06-16;terça-feira;07:05:00;SP;116;209.0;GUARULHOS;Ingestão de Álcool;Colisão traseira;Com Vítimas Feridas;Pleno dia;Crescente;Sol;Múltipla;Reta;Sim;2;2
290329;2020-06-16;terça-feira;17:50:00;SP;116;148.0;SAO JOSE DOS CAMPOS;Falta de Atenção à Condução;Colisão traseira;Com Vítimas Feridas;Anoitecer;Decrescente;Céu Claro;Múltipla;Reta;Sim;2;2
290394;2020-06-17;quarta-feira;05:45:00;SP;116;99.0;PINDAMONHANGABA;Velocidade Incompatível;Saída de leito carroçável;Sem Vítimas;Amanhecer;Decrescente;Céu Claro;Dupla;Não Informado;Não;1;1
290484;2020-06-17;quarta-feira;17:08:00;SP;116;226.0;GUARULHOS;Falta de Atenção à Condução;Colisão traseira;Sem Vítimas;Pleno dia;Decrescente;Céu Claro;Múltipla;Reta;Sim;2;2
290506;2020-06-17;quarta-feira;18:40:00;SP;116;119.5;TAUBATE;Não guardar distância de segurança;Colisão traseira;Com Vítimas Feridas;Plena Noite;Decrescente;Céu Claro;Dupla;Reta;Não;3;2
290574;2020-06-18;quinta-feira;06:55:00;SP;116;211.0;GUARULHOS;Fenômenos da Natureza;Engavetamento;Com Vítimas Feridas;Pleno dia;Decrescente;Céu Claro;Múltipla;Reta;Não;7;7
290575;2020-06-18;quinta-feira;07:10:00;SP;116;212.0;GUARULHOS;Velocidade Incompatível;Colisão lateral;Com Vítimas Feridas;Pleno dia;Decrescente;Céu Claro;Múltipla;Reta;Sim;6;6
290578;2020-06-18;quinta-feira;06:15:00;SP;116;145.6;SAO JOSE DOS CAMPOS;Falta de Atenção à Condução;Engavetamento;Sem Vítimas;Pleno dia;Crescente;Céu Claro;Dupla;Não Informado;Não;4;4
290643;2020-06-18;quinta-feira;13:00:00;SP;116;129.7;CACAPAVA;Defeito Mecânico no Veículo;Queda de ocupante de veículo;Com Vítimas Feridas;Pleno dia;Crescente;Céu Claro;Dupla;Reta;Não;2;1
290660;2020-06-18;quinta-feira;17:00:00;SP;116;210.5;GUARULHOS;Falta de Atenção à Condução;Colisão traseira;Com Vítimas Feridas;Pleno dia;Decrescente;Céu Claro;Dupla;Reta;Sim;2;2
290721;2020-06-18;quinta-feira;20:14:00;SP;116;133.2;CACAPAVA;Defeito Mecânico no Veículo;Incêndio;Sem Vítimas;Plena Noite;Crescente;Céu Claro;Dupla;Reta;Sim;1;1
290849;2020-06-19;sexta-feira;17:50:00;SP;116;141.4;SAO JOSE DOS CAMPOS;Não guardar distância de segurança;Colisão lateral;Com Vítimas Feridas;Plena Noite;Decrescente;Céu Claro;Dupla;Reta;Não;3;3
290922;2020-06-19;sexta-feira;18:45:00;SP;116;144.0;SAO JOSE DOS CAMPOS;Falta de Atenção à Condução;Colisão traseira;Sem Vítimas;Plena Noite;Decrescente;Céu Claro;Dupla;Não Informado;Não;2;2
290934;2020-06-20;sábado;02:00:00;SP;116;110.5;TAUBATE;Falta de Atenção à Condução;Saída de leito carroçável;Sem Vítimas;Plena Noite;Crescente;Céu Claro;Simples;Reta;Sim;1;1
291080;2020-06-20;sábado;19:10:00;SP;116;143.7;SAO JOSE DOS CAMPOS;Ingestão de Álcool;Colisão traseira;Com Vítimas Feridas;Plena Noite;Decrescente;Céu Claro;Múltipla;Não Informado;Sim;2;2
291136;2020-06-20;sábado;23:10:00;SP;116;130.5;CACAPAVA;Falta de Atenção do Pedestre;Atropelamento de Pedestre;Com Vítimas Feridas;Plena Noite;Crescente;Céu Claro;Dupla;Reta;Não;2;1
291168;2020-06-21;domingo;06:50:00;SP;116;206.0;GUARULHOS;Falta de Atenção à Condução;Atropelamento de Pedestre;Com Vítimas Feridas;Pleno dia;Decrescente;Céu Claro;Dupla;Reta;Não;1;1
291203;2020-06-21;domingo;11:18:00;SP;116;108.0;TAUBATE;Falta de Atenção à Condução;Saída de leito carroçável;Sem Vítimas;Pleno dia;Crescente;Céu Claro;Dupla;Reta;Sim;1;1
291258;2020-06-21;domingo;18:25:00;SP;116;219.0;GUARULHOS;Ingestão de Álcool;Capotamento;Sem Vítimas;Anoitecer;Crescente;Céu Claro;Múltipla;Reta;Sim;1;1
291274;2020-06-21;domingo;19:00:00;SP;116;224.0;GUARULHOS;Ingestão de álcool e/ou substâncias psicoativas pelo pedestre;Colisão lateral;Sem Vítimas;Anoitecer;Crescente;Céu Claro;Múltipla;Reta;Sim;2;2
291286;2020-06-21;domingo;19:30:00;SP;116;184.7;SANTA ISABEL;Ingestão de Álcool;Saída de leito carroçável;Com Vítimas Feridas;Plena Noite;Crescente;Céu Claro;Dupla;Não Informado;Sim;1;1
291347;2020-06-22;segunda-feira;06:18:00;SP;116;143.8;SAO JOSE DOS CAMPOS;Falta de Atenção à Condução;Tombamento;Com Vítimas Feridas;Pleno dia;Decrescente;Céu Claro;Dupla;Reta;Não;1;1
291363;2020-06-22;segunda-feira;07:30:00;SP;116;145.5;SAO JOSE DOS CAMPOS;Falta de Atenção à Condução;Colisão traseira;Sem Vítimas;Amanhecer;Decrescente;Céu Claro;Múltipla;Reta;Sim;3;3
291366;2020-06-22;segunda-feira;07:10:00;SP;116;142.0;SAO JOSE DOS CAMPOS;Falta de Atenção à Condução;Engavetamento;Com Vítimas Feridas;Amanhecer;Crescente;Céu Claro;Dupla;Reta;Não;3;3
291371;2020-06-22;segunda-feira;08:20:00;SP;116;140.5;SAO JOSE DOS CAMPOS;Falta de Atenção à Condução;Colisão traseira;Com Vítimas Feridas;Pleno dia;Decrescente;Céu Claro;Dupla;Reta;Sim;1;1
291573;2020-06-14;domingo;12:05:00;SP;116;157.9;SAO JOSE DOS CAMPOS;Velocidade Incompatível;Colisão frontal;Com Vítimas Feridas;Pleno dia;Crescente;Garoa/Chuvisco;Dupla;Retorno Regulamentado;Sim;4;2
291595;2020-06-23;terça-feira;17:30:00;SP;116;100.6;PINDAMONHANGABA;Defeito Mecânico no Veículo;Tombamento;Com Vítimas Feridas;Anoitecer;Decrescente;Céu Claro;Dupla;Reta;Não;2;1
291660;2020-06-24;quarta-feira;05:40:00;SP;116;111.4;TAUBATE;Falta de Atenção à Condução;Queda de ocupante de veículo;Com Vítimas Feridas;Amanhecer;Crescente;Céu Claro;Dupla;Reta;Sim;2;2
291807;2020-06-25;quinta-feira;03:30:00;SP;116;128.4;CACAPAVA;Falta de Atenção do Pedestre;Atropelamento de Pedestre;Com Vítimas Feridas;Plena Noite;Decrescente;Céu Claro;Dupla;Reta;Sim;2;1
291880;2020-06-25;quinta-feira;13:50:00;SP;116;221.0;GUARULHOS;Falta de Atenção à Condução;Colisão lateral;Com Vítimas Feridas;Pleno dia;Crescente;Nublado;Múltipla;Reta;Sim;5;2
291959;2020-06-25;quinta-feira;23:15:00;SP;116;144.7;SAO JOSE DOS CAMPOS;Não guardar distância de segurança;Colisão traseira;Com Vítimas Feridas;Plena Noite;Crescente;Nublado;Dupla;Reta;Sim;2;2
292035;2020-06-26;sexta-feira;11:50:00;SP;116;219.0;GUARULHOS;Falta de Atenção à Condução;Colisão com objeto estático;Sem Vítimas;Pleno dia;Crescente;Nublado;Dupla;Curva;Não;1;1
292136;2020-06-26;sexta-feira;20:30:00;SP;116;196.0;ARUJA;Falta de Atenção do Pedestre;Saída de leito carroçável;Com Vítimas Feridas;Plena Noite;Crescente;Chuva;Dupla;Reta;Não;2;1
292175;2020-06-27;sábado;00:00:00;SP;116;224.9;GUARULHOS;Ingestão de álcool e/ou substâncias psicoativas pelo pedestre;Colisão com objeto estático;Sem Vítimas;Plena Noite;Decrescente;Chuva;Múltipla;Reta;Sim;1;1
292176;2020-06-27;sábado;00:30:00;SP;116;220.0;GUARULHOS;Ingestão de álcool e/ou substâncias psicoativas pelo pedestre;Colisão com objeto estático;Com Vítimas Feridas;Plena Noite;Decrescente;Chuva;Múltipla;Reta;Sim;1;1
292198;2020-06-27;sábado;06:00:00;SP;116;149.7;SAO JOSE DOS CAMPOS;Velocidade Incompatível;Colisão traseira;Com Vítimas Fatais;Plena Noite;Crescente;Nevoeiro/Neblina;Múltipla;Reta;Sim;5;5
292200;2020-06-27;sábado;06:00:00;SP;116;215.0;GUARULHOS;Ingestão de Álcool;Colisão traseira;Sem Vítimas;Amanhecer;Crescente;Céu Claro;Múltipla;Reta;Sim;2;2
292357;2020-06-27;sábado;22:40:00;SP;116;112.2;TAUBATE;Falta de Atenção à Condução;Colisão traseira;Com Vítimas Feridas;Plena Noite;Crescente;Céu Claro;Dupla;Reta;Sim;2;2
292370;2020-06-28;domingo;01:45:00;SP;116;213.6;GUARULHOS;Defeito Mecânico no Veículo;Colisão lateral;Com Vítimas Feridas;Plena Noite;Decrescente;Nublado;Múltipla;Reta;Sim;5;3
292389;2020-06-28;domingo;07:10:00;SP;116;110.0;TAUBATE;Falta de Atenção à Condução;Tombamento;Com Vítimas Feridas;Amanhecer;Decrescente;Garoa/Chuvisco;Dupla;Curva;Sim;1;1
292393;2020-06-28;domingo;04:00:00;SP;116;210.0;GUARULHOS;Falta de Atenção à Condução;Saída de leito carroçável;Com Vítimas Feridas;Plena Noite;Decrescente;Nublado;Múltipla;Reta;Não;1;1
292494;2020-06-28;domingo;19:40:00;SP;116;215.0;GUARULHOS;Falta de Atenção à Condução;Colisão com objeto estático;Com Vítimas Feridas;Plena Noite;Crescente;Garoa/Chuvisco;Múltipla;Reta;Sim;1;1
292502;2020-06-28;domingo;20:11:00;SP;116;215.0;GUARULHOS;Falta de Atenção à Condução;Colisão traseira;Sem Vítimas;Plena Noite;Decrescente;Garoa/Chuvisco;Múltipla;Reta;Sim;3;2
292989;2020-07-01;quarta-feira;20:40:00;SP;116;223.0;GUARULHOS;Objeto estático sobre o leito carroçável;Colisão com objeto estático;Com Vítimas Feridas;Pleno dia;Decrescente;Céu Claro;Múltipla;Reta;Sim;2;2
293022;2020-07-02;quinta-feira;06:40:00;SP;116;213.0;GUARULHOS;Avarias e/ou desgaste excessivo no pneu;Tombamento;Com Vítimas Feridas;Pleno dia;Crescente;Céu Claro;Múltipla;Reta;Sim;2;1
293091;2020-07-02;quinta-feira;16:10:00;SP;116;158.0;JACAREI;Não guardar distância de segurança;Queda de ocupante de veículo;Com Vítimas Feridas;Pleno dia;Crescente;Céu Claro;Dupla;Curva;Não;1;1
293138;2020-07-02;quinta-feira;20:30:00;SP;116;101.4;PINDAMONHANGABA;Falta de Atenção à Condução;Tombamento;Com Vítimas Feridas;Plena Noite;Decrescente;Céu Claro;Dupla;Não Informado;Não;2;1
293261;2020-07-03;sexta-feira;13:10:00;SP;116;111.9;TAUBATE;Falta de Atenção à Condução;Capotamento;Sem Vítimas;Pleno dia;Decrescente;Céu Claro;Dupla;Reta;Sim;3;1
293348;2020-07-03;sexta-feira;21:45:00;SP;116;209.0;GUARULHOS;Velocidade Incompatível;Colisão traseira;Com Vítimas Feridas;Plena Noite;Decrescente;Céu Claro;Dupla;Reta;Sim;3;2
293415;2020-07-04;sábado;09:00:00;SP;116;228.0;SAO PAULO;Falta de Atenção à Condução;Colisão traseira;Com Vítimas Feridas;Pleno dia;Crescente;Céu Claro;Dupla;Reta;Sim;2;2
293522;2020-07-04;sábado;18:35:00;SP;116;118.0;TAUBATE;Velocidade Incompatível;Colisão com objeto estático;Sem Vítimas;Plena Noite;Decrescente;Céu Claro;Dupla;Reta;Não;1;1
293572;2020-07-04;sábado;19:20:00;SP;116;217.7;GUARULHOS;Objeto estático sobre o leito carroçável;Colisão traseira;Sem Vítimas;Plena Noite;Decrescente;Céu Claro;Múltipla;Reta;Sim;4;3
293574;2020-07-04;sábado;22:10:00;SP;116;218.0;GUARULHOS;Ingestão de Álcool;Colisão com objeto estático;Com Vítimas Feridas;Plena Noite;Crescente;Céu Claro;Múltipla;Reta;Sim;3;1
293595;2020-07-05;domingo;00:00:00;SP;116;147.2;SAO JOSE DOS CAMPOS;Ingestão de Álcool;Colisão traseira;Com Vítimas Feridas;Plena Noite;Crescente;Céu Claro;Dupla;Reta;Sim;3;2
293623;2020-07-05;domingo;02:45:00;SP;116;141.3;SAO JOSE DOS CAMPOS;Defeito Mecânico no Veículo;Incêndio;Sem Vítimas;Plena Noite;Decrescente;Céu Claro;Dupla;Reta;Não;1;1
293627;2020-07-05;domingo;04:10:00;SP;116;120.0;CACAPAVA;Falta de Atenção à Condução;Colisão traseira;Sem Vítimas;Plena Noite;Decrescente;Céu Claro;Dupla;Reta;Não;2;2
293802;2020-07-06;segunda-feira;07:15:00;SP;116;161.0;JACAREI;Falta de Atenção à Condução;Tombamento;Com Vítimas Feridas;Pleno dia;Decrescente;Céu Claro;Simples;Reta;Sim;1;1
293841;2020-07-06;segunda-feira;08:35:00;SP;116;142.0;SAO JOSE DOS CAMPOS;Falta de Atenção à Condução;Engavetamento;Com Vítimas Feridas;Pleno dia;Crescente;Céu Claro;Dupla;Reta;Sim;4;3
293853;2020-07-06;segunda-feira;07:20:00;SP;116;217.0;GUARULHOS;Velocidade Incompatível;Tombamento;Com Vítimas Feridas;Pleno dia;Decrescente;Céu Claro;Múltipla;Reta;Sim;1;1
293854;2020-07-06;segunda-feira;07:40:00;SP;116;215.0;GUARULHOS;Falta de Atenção à Condução;Engavetamento;Sem Vítimas;Pleno dia;Decrescente;Céu Claro;Múltipla;Não Informado;Sim;4;4
293945;2020-07-06;segunda-feira;18:30:00;SP;116;145.8;SAO JOSE DOS CAMPOS;Não guardar distância de segurança;Colisão traseira;Com Vítimas Feridas;Plena Noite;Decrescente;Céu Claro;Dupla;Não Informado;Não;2;2