id;data_inversa;dia_semana;horario;uf;br;km;municipio;causa_acidente;tipo_acidente;classificacao_acidente;fase_dia;sentido_via;condicao_metereologica;tipo_pista;tracado_via;uso_solo;pessoas;veiculos
300849;2020-08-11;terça-feira;16:10:00;SP;116;139.3;SAO JOSE DOS CAMPOS;Falta de Atenção à Condução;Colisão traseira;Com Vítimas Feridas;Pleno dia;Crescente;Céu Claro;Dupla;Reta;Não;4;4
300907;2020-08-11;terça-feira;21:40:00;SP;116;222.7;GUARULHOS;Falta de Atenção à Condução;Colisão com objeto estático;Com Vítimas Feridas;Plena Noite;Decrescente;Nublado;Múltipla;Reta;Sim;1;1
300938;2020-08-12;quarta-feira;05:50:00;SP;116;215.5;GUARULHOS;Não guardar distância de segurança;Tombamento;Com Vítimas Feridas;Pleno dia;Decrescente;Nublado;Múltipla;Reta;Sim;2;2
300978;2020-08-12;quarta-feira;08:00:00;SP;116;221.0;GUARULHOS;Falta de Atenção à Condução;Atropelamento de Pedestre;Com Vítimas Feridas;Pleno dia;Decrescente;Céu Claro;Múltipla;Reta;Sim;2;1
301003;2020-08-12;quarta-feira;12:10:00;SP;116;157.0;SAO JOSE DOS CAMPOS;Não guardar distância de segurança;Colisão traseira;Com Vítimas Feridas;Pleno dia;Crescente;Céu Claro;Dupla;Reta;Sim;2;2
301047;2020-08-12;quarta-feira;16:44:00;SP;116;211.0;GUARULHOS;Falta de Atenção à Condução;Colisão lateral;Com Vítimas Feridas;Pleno dia;Crescente;Céu Claro;Múltipla;Desvio Temporário;Sim;2;2
301054;2020-08-12;quarta-feira;17:15:00;SP;116;145.5;SAO JOSE DOS CAMPOS;Não guardar distância de segurança;Colisão lateral;Com Vítimas Feridas;Pleno dia;Decrescente;Céu Claro;Dupla;Não Informado;Sim;2;2
301062;2020-08-12;quarta-feira;16:30:00;SP;116;144.5;SAO JOSE DOS CAMPOS;Não guardar distância de segurança;Colisão traseira;Sem Vítimas;Pleno dia;Crescente;Céu Claro;Dupla;Não Informado;Não;2;2
301166;2020-08-13;quinta-feira;07:20:00;SP;116;206.9;GUARULHOS;Falta de Atenção à Condução;Colisão traseira;Com Vítimas Feridas;Pleno dia;Crescente;Céu Claro;Múltipla;Reta;Não;2;2
301215;2020-08-13;quinta-feira;13:05:00;SP;116;221.0;GUARULHOS;Falta de Atenção à Condução;Colisão traseira;Com Vítimas Feridas;Pleno dia;Crescente;Sol;Múltipla;Reta;Sim;2;2
301262;2020-08-13;quinta-feira;18:30:00;SP;116;169.0;JACAREI;Objeto estático sobre o leito carroçável;Colisão com objeto estático;Com Vítimas Feridas;Anoitecer;Decrescente;Céu Claro;Dupla;Reta;Não;1;1
301268;2020-08-13;quinta-feira;19:45:00;SP;116;229.0;SAO PAULO;Desobediência às normas de trânsito pelo condutor;Colisão lateral;Com Vítimas Feridas;Plena Noite;Decrescente;Nublado;Dupla;Reta;Sim;3;3
301327;2020-08-14;sexta-feira;03:40:00;SP;116;140.6;SAO JOSE DOS CAMPOS;Condutor Dormindo;Colisão com objeto estático;Com Vítimas Feridas;Plena Noite;Crescente;Céu Claro;Dupla;Reta;Sim;1;1
301446;2020-08-14;sexta-feira;17:50:00;SP;116;215.0;GUARULHOS;Falta de Atenção à Condução;Colisão traseira;Com Vítimas Feridas;Anoitecer;Decrescente;Nublado;Múltipla;Desvio Temporário;Sim;2;2
301454;2020-08-14;sexta-feira;18:10:00;SP;116;221.0;GUARULHOS;Falta de Atenção à Condução;Colisão lateral;Com Vítimas Feridas;Plena Noite;Crescente;Nublado;Múltipla;Reta;Sim;4;4
301560;2020-08-15;sábado;06:00:00;SP;116;103.0;PINDAMONHANGABA;Defeito Mecânico no Veículo;Tombamento;Com Vítimas Feridas;Amanhecer;Crescente;Céu Claro;Dupla;Reta;Sim;2;1
301568;2020-08-15;sábado;03:30:00;SP;116;173.0;JACAREI;Defeito Mecânico no Veículo;Incêndio;Com Vítimas Feridas;Plena Noite;Decrescente;Céu Claro;Dupla;Reta;Não;1;1
301679;2020-08-15;sábado;17:45:00;SP;116;148.0;SAO JOSE DOS CAMPOS;Falta de Atenção do Pedestre;Atropelamento de Pedestre;Com Vítimas Fatais;Anoitecer;Crescente;Nublado;Dupla;Reta;Sim;3;1
301839;2020-08-16;domingo;11:30:00;SP;116;178.0;GUARAREMA;Desobediência às normas de trânsito pelo condutor;Colisão traseira;Com Vítimas Feridas;Pleno dia;Crescente;Garoa/Chuvisco;Dupla;Desvio Temporário;Não;3;2
301948;2020-08-16;domingo;21:30:00;SP;116;229.0;SAO PAULO;Ingestão de Álcool;Saída de leito carroçável;Sem Vítimas;Plena Noite;Decrescente;Céu Claro;Múltipla;Reta;Sim;2;1
301988;2020-08-17;segunda-feira;05:20:00;SP;116;147.5;SAO JOSE DOS CAMPOS;Falta de Atenção à Condução;Colisão traseira;Com Vítimas Feridas;Amanhecer;Crescente;Chuva;Dupla;Reta;Sim;3;3
302018;2020-08-17;segunda-feira;08:30:00;SP;116;229.0;SAO PAULO;Não guardar distância de segurança;Colisão traseira;Com Vítimas Feridas;Pleno dia;Crescente;Nublado;Múltipla;Reta;Não;3;3
302081;2020-08-17;segunda-feira;15:50:00;SP;116;158.0;JACAREI;Velocidade Incompatível;Queda de ocupante de veículo;Com Vítimas Feridas;Pleno dia;Crescente;Chuva;Dupla;Não Informado;Sim;1;1
302084;2020-08-17;segunda-feira;08:30:00;SP;116;219.0;GUARULHOS;Falta de Atenção à Condução;Colisão lateral;Com Vítimas Feridas;Pleno dia;Crescente;Nublado;Múltipla;Reta;Não;2;2
302096;2020-08-17;segunda-feira;17:15:00;SP;116;152.6;SAO JOSE DOS CAMPOS;Não guardar distância de segurança;Colisão traseira;Sem Vítimas;Pleno dia;Decrescente;Chuva;Dupla;Reta;Sim;2;2
302317;2020-08-19;quarta-feira;06:40:00;SP;116;210.3;GUARULHOS;Falta de Atenção à Condução;Engavetamento;Sem Vítimas;Pleno dia;Decrescente;Céu Claro;Múltipla;Reta;Sim;3;3
302418;2020-08-19;quarta-feira;19:15:00;SP;116;157.5;SAO JOSE DOS CAMPOS;Falta de Atenção à Condução;Colisão traseira;Com Vítimas Feridas;Plena Noite;Decrescente;Céu Claro;Dupla;Não Informado;Sim;3;2
302456;2020-08-12;quarta-feira;16:10:00;SP;116;226.0;GUARULHOS;Falta de Atenção à Condução;Colisão lateral;Com Vítimas Feridas;Pleno dia;Crescente;Céu Claro;Múltipla;Curva;Sim;4;2
302788;2020-08-21;sexta-feira;18:50:00;SP;116;229.5;SAO PAULO;Desobediência às normas de trânsito pelo condutor;Colisão lateral;Com Vítimas Feridas;Plena Noite;Decrescente;Garoa/Chuvisco;Múltipla;Reta;Sim;2;2
302942;2020-08-22;sábado;14:55:00;SP;116;229.3;SAO PAULO;Condutor Dormindo;Colisão com objeto estático;Com Vítimas Feridas;Pleno dia;Crescente;Nublado;Múltipla;Reta;Sim;1;1
303032;2020-08-22;sábado;20:50:00;SP;116;221.8;GUARULHOS;Ingestão de Álcool;Saída de leito carroçável;Com Vítimas Feridas;Plena Noite;Decrescente;Nublado;Múltipla;Reta;Sim;2;1
303047;2020-08-22;sábado;21:40:00;SP;116;223.0;GUARULHOS;Ingestão de Álcool;Colisão lateral;Sem Vítimas;Plena Noite;Decrescente;Nublado;Múltipla;Reta;Não;2;2
303112;2020-08-23;domingo;05:44:00;SP;116;216.0;GUARULHOS;Falta de Atenção à Condução;Capotamento;Sem Vítimas;Amanhecer;Crescente;Nublado;Múltipla;Desvio Temporário;Sim;1;1
303210;2020-08-23;domingo;19:00:00;SP;116;228.0;SAO PAULO;Desobediência às normas de trânsito pelo condutor;Colisão lateral;Sem Vítimas;Plena Noite;Crescente;Céu Claro;Dupla;Reta;Não;2;2
303286;2020-08-24;segunda-feira;01:00:00;SP;116;125.0;CACAPAVA;Ingestão de Álcool;Saída de leito carroçável;Sem Vítimas;Plena Noite;Decrescente;Céu Claro;Dupla;Reta;Sim;1;1
303315;2020-08-24;segunda-feira;07:40:00;SP;116;144.0;SAO JOSE DOS CAMPOS;Defeito Mecânico no Veículo;Tombamento;Com Vítimas Feridas;Pleno dia;Crescente;Sol;Dupla;Não Informado;Não;2;1
303334;2020-08-24;segunda-feira;07:40:00;SP;116;221.0;GUARULHOS;Desobediência às normas de trânsito pelo condutor;Tombamento;Com Vítimas Feridas;Pleno dia;Crescente;Sol;Múltipla;Reta;Sim;1;1
303344;2020-08-24;segunda-feira;07:40:00;SP;116;131.3;CACAPAVA;Desobediência às normas de trânsito pelo condutor;Engavetamento;Com Vítimas Feridas;Pleno dia;Decrescente;Céu Claro;Dupla;Reta;Não;8;8
303439;2020-08-24;segunda-feira;19:00:00;SP;116;223.0;GUARULHOS;Falta de Atenção à Condução;Engavetamento;Sem Vítimas;Plena Noite;Decrescente;Nublado;Múltipla;Reta;Sim;3;3
303458;2020-08-24;segunda-feira;16:00:00;SP;116;143.0;SAO JOSE DOS CAMPOS;Desobediência às normas de trânsito pelo condutor;Colisão lateral;Com Vítimas Feridas;Pleno dia;Decrescente;Sol;Simples;Curva;Sim;2;2
303479;2020-08-25;terça-feira;01:00:00;SP;116;225.0;GUARULHOS;Falta de Atenção à Condução;Colisão com objeto estático;Sem Vítimas;Plena Noite;Crescente;Nublado;Múltipla;Não Informado;Sim;2;2
303508;2020-08-25;terça-feira;06:40:00;SP;116;161.3;JACAREI;Defeito Mecânico no Veículo;Incêndio;Sem Vítimas;Amanhecer;Decrescente;Céu Claro;Múltipla;Reta;Sim;1;1
303554;2020-08-25;terça-feira;11:45:00;SP;116;223.1;GUARULHOS;Não guardar distância de segurança;Colisão lateral;Com Vítimas Feridas;Pleno dia;Crescente;Céu Claro;Múltipla;Reta;Sim;2;2
303603;2020-08-25;terça-feira;17:35:00;SP;116;146.0;SAO JOSE DOS CAMPOS;Falta de Atenção à Condução;Colisão traseira;Com Vítimas Feridas;Anoitecer;Decrescente;Céu Claro;Múltipla;Não Informado;Sim;2;2
303753;2020-08-26;quarta-feira;14:00:00;SP;116;217.4;GUARULHOS;Falta de Atenção à Condução;Colisão traseira;Com Vítimas Feridas;Pleno dia;Decrescente;Sol;Múltipla;Reta;Sim;5;2
303791;2020-08-26;quarta-feira;18:10:00;SP;116;215.6;GUARULHOS;Não guardar distância de segurança;Colisão traseira;Com Vítimas Feridas;Plena Noite;Decrescente;Nublado;Múltipla;Reta;Sim;2;2
303838;2020-08-27;quinta-feira;03:00:00;SP;116;148.4;SAO JOSE DOS CAMPOS;Ingestão de Álcool;Colisão com objeto estático;Sem Vítimas;Plena Noite;Crescente;Céu Claro;Múltipla;Reta;Não;1;1
303867;2020-08-27;quinta-feira;09:20:00;SP;116;211.8;GUARULHOS;Falta de Atenção à Condução;Colisão traseira;Com Vítimas Feridas;Pleno dia;Crescente;Sol;Múltipla;Reta;Não;3;2
303917;2020-08-27;quinta-feira;16:40:00;SP;116;225.0;GUARULHOS;Deficiência ou não Acionamento do Sistema de Iluminação/Sinalização do Veículo;Colisão traseira;Com Vítimas Feridas;Pleno dia;Decrescente;Sol;Múltipla;Reta;Não;2;2
303927;2020-08-27;quinta-feira;16:40:00;SP;116;223.0;GUARULHOS;Falta de Atenção à Condução;Colisão traseira;Com Vítimas Feridas;Pleno dia;Decrescente;Nublado;Múltipla;Reta;Não;2;2
303984;2020-08-27;quinta-feira;22:30:00;SP;116;108.0;TAUBATE;Avarias e/ou desgaste excessivo no pneu;Tombamento;Com Vítimas Feridas;Plena Noite;Crescente;Céu Claro;Dupla;Reta;Sim;2;1
304026;2020-08-28;sexta-feira;07:15:00;SP;116;147.5;SAO JOSE DOS CAMPOS;Velocidade Incompatível;Colisão com objeto estático;Com Vítimas Feridas;Pleno dia;Crescente;Sol;Dupla;Interseção de vias;Não;1;1
304072;2020-08-28;sexta-feira;13:00:00;SP;116;217.0;GUARULHOS;Falta de Atenção à Condução;Colisão lateral;Com Vítimas Feridas;Pleno dia;Crescente;Sol;Múltipla;Reta;Sim;3;3
304081;2020-08-28;sexta-feira;13:25:00;SP;116;218.0;GUARULHOS;Falta de Atenção à Condução;Tombamento;Com Vítimas Feridas;Pleno dia;Decrescente;Sol;Múltipla;Reta;Sim;1;1
304128;2020-08-28;sexta-feira;16:50:00;SP;116;150.3;SAO JOSE DOS CAMPOS;Falta de Atenção à Condução;Colisão traseira;Sem Vítimas;Pleno dia;Decrescente;Céu Claro;Dupla;Reta;Não;2;2
304325;2020-08-29;sábado;13:30:00;SP;116;199.0;ARUJA;Falta de Atenção à Condução;Colisão com objeto estático;Com Vítimas Feridas;Pleno dia;Decrescente;Céu Claro;Múltipla;Reta;Sim;1;1
304503;2020-08-30;domingo;03:20:00;SP;116;221.0;GUARULHOS;Falta de Atenção à Condução;Colisão com objeto estático;Com Vítimas Feridas;Plena Noite;Decrescente;Nublado;Múltipla;Reta;Sim;2;2
304504;2020-08-30;domingo;02:25:00;SP;116;124.0;CACAPAVA;Avarias e/ou desgaste excessivo no pneu;Colisão lateral;Sem Vítimas;Plena Noite;Crescente;Céu Claro;Dupla;Reta;Não;1;1
304539;2020-08-30;domingo;08:00:00;SP;116;130.5;CACAPAVA;Não guardar distância de segurança;Colisão traseira;Com Vítimas Feridas;Pleno dia;Decrescente;Céu Claro;Dupla;Reta;Sim;3;2
304541;2020-08-30;domingo;09:00:00;SP;116;199.0;ARUJA;Não guardar distância de segurança;Colisão traseira;Com Vítimas Feridas;Pleno dia;Decrescente;Sol;Dupla;Reta;Não;3;2
304661;2020-08-30;domingo;18:20:00;SP;116;204.0;ARUJA;Ingestão de Álcool;Colisão frontal;Sem Vítimas;Plena Noite;Crescente;Céu Claro;Múltipla;Não Informado;Não;2;2
304754;2020-08-31;segunda-feira;05:50:00;SP;116;157.0;SAO JOSE DOS CAMPOS;Falta de Atenção do Pedestre;Atropelamento de Pedestre;Com Vítimas Fatais;Amanhecer;Crescente;Céu Claro;Múltipla;Reta;Sim;2;1
304755;2020-08-31;segunda-feira;07:00:00;SP;116;219.0;GUARULHOS;Agressão Externa;Tombamento;Com Vítimas Feridas;Pleno dia;Crescente;Céu Claro;Múltipla;Reta;Sim;3;2
304773;2020-08-31;segunda-feira;07:30:00;SP;116;218.4;GUARULHOS;Não guardar distância de segurança;Colisão lateral;Com Vítimas Feridas;Pleno dia;Crescente;Nublado;Múltipla;Reta;Sim;3;2
304829;2020-08-31;segunda-feira;13:50:00;SP;116;155.0;SAO JOSE DOS CAMPOS;Falta de Atenção à Condução;Queda de ocupante de veículo;Com Vítimas Feridas;Pleno dia;Decrescente;Céu Claro;Dupla;Reta;Não;1;1
304833;2020-08-31;segunda-feira;12:06:00;SP;116;138.5;SAO JOSE DOS CAMPOS;Falta de Atenção à Condução;Queda de ocupante de veículo;Com Vítimas Feridas;Pleno dia;Crescente;Céu Claro;Dupla;Reta;Sim;1;1
304834;2020-08-31;segunda-feira;14:30:00;SP;116;149.1;SAO JOSE DOS CAMPOS;Defeito Mecânico no Veículo;Queda de ocupante de veículo;Com Vítimas Feridas;Pleno dia;Crescente;Céu Claro;Múltipla;Reta;Não;2;1
304856;2020-08-31;segunda-feira;16:30:00;SP;116;217.3;GUARULHOS;Falta de Atenção à Condução;Queda de ocupante de veículo;Sem Vítimas;Pleno dia;Crescente;Céu Claro;Múltipla;Reta;Não;2;1
304883;2020-08-31;segunda-feira;19:20:00;SP;116;135.4;SAO JOSE DOS CAMPOS;Avarias e/ou desgaste excessivo no pneu;Saída de leito carroçável;Com Vítimas Feridas;Plena Noite;Crescente;Céu Claro;Dupla;Reta;Não;1;1
305199;2020-09-02;quarta-feira;14:40:00;SP;116;117.7;TAUBATE;Falta de Atenção à Condução;Queda de ocupante de veículo;Com Vítimas Feridas;Pleno dia;Decrescente;Céu Claro;Dupla;Interseção de vias;Não;1;1
305208;2020-09-02;quarta-feira;16:50:00;SP;116;112.3;TAUBATE;Falta de Atenção à Condução;Colisão traseira;Com Vítimas Feridas;Pleno dia;Decrescente;Sol;Dupla;Reta;Sim;4;4
305240;2020-09-02;quarta-feira;19:15:00;SP;116;229.0;SAO PAULO;Falta de Atenção do Pedestre;Atropelamento de Pedestre;Com Vítimas Feridas;Plena Noite;Decrescente;Céu Claro;Múltipla;Reta;Sim;2;1
305323;2020-09-03;quinta-feira;08:30:00;SP;116;227.0;GUARULHOS;Falta de Atenção à Condução;Colisão traseira;Com Vítimas Feridas;Pleno dia;Crescente;Céu Claro;Simples;Interseção de vias;Sim;3;2
305374;2020-09-03;quinta-feira;14:30:00;SP;116;214.0;GUARULHOS;Velocidade Incompatível;Colisão traseira;Sem Vítimas;Pleno dia;Crescente;Sol;Múltipla;Reta;Sim;2;2
305425;2020-09-03;quinta-feira;18:00:00;SP;116;226.0;GUARULHOS;Velocidade Incompatível;Colisão com objeto em movimento;Com Vítimas Feridas;Anoitecer;Crescente;Céu Claro;Múltipla;Não Informado;Sim;7;4
305461;2020-09-03;quinta-feira;20:15:00;SP;116;147.0;SAO JOSE DOS CAMPOS;Falta de Atenção à Condução;Colisão traseira;Com Vítimas Feridas;Plena Noite;Decrescente;Céu Claro;Múltipla;Reta;Sim;2;2
305561;2020-09-04;sexta-feira;10:00:00;SP;116;218.0;GUARULHOS;Falta de Atenção à Condução;Engavetamento;Com Vítimas Feridas;Pleno dia;Crescente;Sol;Múltipla;Reta;Sim;5;3
305623;2020-09-04;sexta-feira;15:22:00;SP;116;132.5;CACAPAVA;Não guardar distância de segurança;Colisão traseira;Com Vítimas Feridas;Pleno dia;Decrescente;Céu Claro;Dupla;Reta;Não;4;2
305685;2020-09-04;sexta-feira;18:58:00;SP;116;218.4;GUARULHOS;Falta de Atenção à Condução;Colisão lateral;Com Vítimas Feridas;Plena Noite;Decrescente;Céu Claro;Dupla;Reta;Sim;2;2
305763;2020-09-05;sábado;02:20:00;SP;116;157.3;SAO JOSE DOS CAMPOS;Ingestão de Álcool;Colisão traseira;Sem Vítimas;Plena Noite;Decrescente;Céu Claro;Dupla;Não Informado;Sim;5;2
305773;2020-09-05;sábado;02:20:00;SP;116;224.0;GUARULHOS;Condutor Dormindo;Colisão com objeto estático;Com Vítimas Feridas;Plena Noite;Crescente;Céu Claro;Múltipla;Reta;Sim;1;1
305781;2020-09-05;sábado;02:50:00;SP;116;222.0;GUARULHOS;Ingestão de Álcool;Colisão com objeto estático;Sem Vítimas;Plena Noite;Crescente;Nublado;Múltipla;Reta;Sim;1;1
305899;2020-09-05;sábado;14:30:00;SP;116;213.8;GUARULHOS;Falta de Atenção à Condução;Colisão com objeto estático;Com Vítimas Feridas;Pleno dia;Crescente;Sol;Múltipla;Reta;Não;1;1
305918;2020-09-05;sábado;15:05:00;SP;116;220.6;GUARULHOS;Defeito Mecânico no Veículo;Tombamento;Com Vítimas Feridas;Pleno dia;Decrescente;Céu Claro;Múltipla;Reta;Sim;1;1
306039;2020-09-05;sábado;23:40:00;SP;116;145.0;SAO JOSE DOS CAMPOS;Ingestão de Álcool;Colisão traseira;Sem Vítimas;Plena Noite;Crescente;Céu Claro;Múltipla;Reta;Não;2;2
306054;2020-09-06;domingo;00:40:00;SP;116;219.7;GUARULHOS;Ingestão de Álcool;Colisão com objeto estático;Com Vítimas Feridas;Plena Noite;Crescente;Céu Claro;Múltipla;Reta;Sim;1;1
306104;2020-09-06;domingo;07:50:00;SP;116;194.0;SANTA ISABEL;Defeito Mecânico no Veículo;Tombamento;Com Vítimas Feridas;Pleno dia;Decrescente;Céu Claro;Dupla;Reta;Não;2;1
306112;2020-09-06;domingo;09:45:00;SP;116;103.6;TAUBATE;Falta de Atenção à Condução;Colisão traseira;Com Vítimas Feridas;Pleno dia;Crescente;Céu Claro;Múltipla;Não Informado;Não;3;2
306177;2020-09-06;domingo;15:20:00;SP;116;154.3;SAO JOSE DOS CAMPOS;Ingestão de Álcool;Colisão com objeto estático;Com Vítimas Feridas;Pleno dia;Decrescente;Céu Claro;Dupla;Reta;Sim;3;1
306212;2020-09-06;domingo;19:15:00;SP;116;221.0;GUARULHOS;Falta de Atenção à Condução;Colisão traseira;Sem Vítimas;Plena Noite;Crescente;Céu Claro;Dupla;Reta;Sim;4;2
306268;2020-09-06;domingo;20:00:00;SP;116;126.0;CACAPAVA;Falta de Atenção à Condução;Queda de ocupante de veículo;Com Vítimas Feridas;Plena Noite;Crescente;Céu Claro;Dupla;Reta;Sim;2;1
306317;2020-09-07;segunda-feira;02:30:00;SP;116;223.6;GUARULHOS;Desobediência às normas de trânsito pelo pedestre;Atropelamento de Pedestre;Com Vítimas Fatais;Plena Noite;Crescente;Céu Claro;Múltipla;Reta;Sim;2;1
306436;2020-09-07;segunda-feira;17:40:00;SP;116;116.3;TAUBATE;Falta de Atenção à Condução;Colisão com objeto estático;Com Vítimas Feridas;Anoitecer;Decrescente;Céu Claro;Dupla;Reta;Não;4;1
306456;2020-09-07;segunda-feira;18:55:00;SP;116;200.1;ARUJA;Falta de Atenção à Condução;Colisão traseira;Com Vítimas Feridas;Plena Noite;Crescente;Nublado;Dupla;Reta;Sim;4;2
306486;2020-09-07;segunda-feira;19:45:00;SP;116;205.0;ARUJA;Falta de Atenção à Condução;Colisão lateral;Com Vítimas Feridas;Plena Noite;Crescente;Céu Claro;Dupla;Reta;Sim;3;2
306598;2020-09-08;terça-feira;08:10:00;SP;116;218.7;GUARULHOS;Não guardar distância de segurança;Colisão transversal;Com Vítimas Feridas;Pleno dia;Crescente;Céu Claro;Múltipla;Reta;Sim;2;2
306695;2020-09-08;terça-feira;18:35:00;SP;116;178.0;GUARAREMA;Defeito Mecânico no Veículo;Incêndio;Sem Vítimas;Plena Noite;Decrescente;Céu Claro;Dupla;Reta;Não;1;1
306712;2020-09-08;terça-feira;21:30:00;SP;116;223.8;GUARULHOS;Falta de Atenção à Condução;Colisão lateral;Com Vítimas Feridas;Plena Noite;Crescente;Nublado;Múltipla;Reta;Sim;2;2
306760;2020-09-09;quarta-feira;08:20:00;SP;116;229.0;GUARULHOS;Não guardar distância de segurança;Colisão lateral;Com Vítimas Feridas;Amanhecer;Crescente;Nublado;Múltipla;Reta;Sim;2;2
307008;2020-09-10;quinta-feira;13:15:00;SP;116;203.0;ARUJA;Falta de Atenção à Condução;Colisão traseira;Com Vítimas Feridas;Pleno dia;Decrescente;Sol;Dupla;Desvio Temporário;Sim;3;2
307042;2020-09-10;quinta-feira;15:00:00;SP;116;211.8;GUARULHOS;Não guardar distância de segurança;Colisão traseira;Com Vítimas Feridas;Pleno dia;Decrescente;Céu Claro;Múltipla;Reta;Sim;2;2
307161;2020-09-11;sexta-feira;09:20:00;SP;116;130.0;CACAPAVA;Velocidade Incompatível;Colisão com objeto estático;Com Vítimas Feridas;Pleno dia;Crescente;Céu Claro;Dupla;Interseção de vias;Sim;3;1
307193;2020-09-11;sexta-feira;14:15:00;SP;116;140.4;SAO JOSE DOS CAMPOS;Falta de Atenção à Condução;Colisão com objeto estático;Com Vítimas Feridas;Pleno dia;Crescente;Céu Claro;Dupla;Reta;Não;2;1
307222;2020-09-11;sexta-feira;17:20:00;SP;116;219.0;GUARULHOS;Falta de Atenção à Condução;Colisão lateral;Com Vítimas Feridas;Anoitecer;Crescente;Céu Claro;Múltipla;Reta;Sim;2;2
307243;2020-09-11;sexta-feira;18:10:00;SP;116;102.0;PINDAMONHANGABA;Falta de Atenção à Condução;Colisão traseira;Com Vítimas Feridas;Anoitecer;Crescente;Céu Claro;Dupla;Reta;Não;2;2
307245;2020-09-11;sexta-feira;18:00:00;SP;116;212.0;GUARULHOS;Não guardar distância de segurança;Colisão traseira;Com Vítimas Feridas;Plena Noite;Decrescente;Ignorado;Múltipla;Reta;Sim;2;2
307258;2020-09-11;sexta-feira;19:00:00;SP;116;208.0;GUARULHOS;Ingestão de Álcool;Colisão traseira;Com Vítimas Feridas;Plena Noite;Decrescente;Céu Claro;Dupla;Reta;Sim;3;3
307284;2020-09-11;sexta-feira;19:50:00;SP;116;147.0;SAO JOSE DOS CAMPOS;Deficiência ou não Acionamento do Sistema de Iluminação/Sinalização do Veículo;Colisão lateral;Com Vítimas Feridas;Plena Noite;Decrescente;Céu Claro;Múltipla;Reta;Sim;2;2
307287;2020-09-11;sexta-feira;21:10:00;SP;116;210.0;GUARULHOS;Desobediência às normas de trânsito pelo pedestre;Atropelamento de Pedestre;Com Vítimas Feridas;Plena Noite;Crescente;Céu Claro;Dupla;Reta;Sim;2;1
307292;2020-09-11;sexta-feira;20:45:00;SP;116;225.0;GUARULHOS;Falta de Atenção à Condução;Atropelamento de Pedestre;Com Vítimas Feridas;Plena Noite;Decrescente;Céu Claro;Múltipla;Reta;Sim;2;1
307299;2020-09-11;sexta-feira;21:40:00;SP;116;209.4;GUARULHOS;Falta de Atenção à Condução;Tombamento;Com Vítimas Fatais;Plena Noite;Decrescente;Céu Claro;Dupla;Reta;Sim;1;1
307340;2020-09-12;sábado;00:30:00;SP;116;198.0;ARUJA;Falta de Atenção à Condução;Tombamento;Com Vítimas Feridas;Plena Noite;Crescente;Vento;Dupla;Reta;Sim;2;1
307504;2020-09-12;sábado;18:20:00;SP;116;161.6;JACAREI;Ingestão de Álcool;Colisão com objeto estático;Com Vítimas Feridas;Plena Noite;Crescente;Céu Claro;Múltipla;Reta;Sim;1;1
307593;2020-09-13;domingo;04:40:00;SP;116;207.9;GUARULHOS;Velocidade Incompatível;Colisão com objeto estático;Com Vítimas Feridas;Amanhecer;Crescente;Céu Claro;Dupla;Reta;Sim;2;1
307606;2020-09-13;domingo;06:20:00;SP;116;130.4;CACAPAVA;Condutor Dormindo;Colisão com objeto estático;Com Vítimas Feridas;Pleno dia;Decrescente;Céu Claro;Dupla;Não Informado;Não;2;1
307723;2020-09-13;domingo;16:50:00;SP;116;125.0;CACAPAVA;Defeito Mecânico no Veículo;Capotamento;Com Vítimas Feridas;Pleno dia;Crescente;Céu Claro;Dupla;Reta;Sim;2;1
307770;2020-09-13;domingo;19:40:00;SP;116;186.0;SANTA ISABEL;Falta de Atenção à Condução;Tombamento;Com Vítimas Feridas;Plena Noite;Crescente;Céu Claro;Dupla;Retorno Regulamentado;Não;2;1
307923;2020-09-14;segunda-feira;15:50:00;SP;116;223.0;GUARULHOS;Falta de Atenção à Condução;Queda de ocupante de veículo;Com Vítimas Feridas;Pleno dia;Crescente;Céu Claro;Dupla;Reta;Sim;1;1
307933;2020-09-14;segunda-feira;16:50:00;SP;116;223.8;GUARULHOS;Falta de Atenção à Condução;Saída de leito carroçável;Com Vítimas Feridas;Pleno dia;Crescente;Céu Claro;Múltipla;Reta;Sim;1;1
307966;2020-09-14;segunda-feira;20:31:00;SP;116;224.0;GUARULHOS;Falta de Atenção à Condução;Tombamento;Com Vítimas Feridas;Plena Noite;Decrescente;Nublado;Dupla;Reta;Sim;1;1
307973;2020-09-14;segunda-feira;21:40:00;SP;116;162.0;JACAREI;Agressão Externa;Colisão com objeto estático;Com Vítimas Feridas;Plena Noite;Decrescente;Nevoeiro/Neblina;Dupla;Curva;Não;5;2