id;data_inversa;dia_semana;horario;uf;br;km;municipio;causa_acidente;tipo_acidente;classificacao_acidente;fase_dia;sentido_via;condicao_metereologica;tipo_pista;tracado_via;uso_solo;pessoas;veiculos
308044;2020-09-15;terça-feira;09:15:00;SP;116;213.0;GUARULHOS;Ingestão de álcool e/ou substâncias psicoativas pelo pedestre;Atropelamento de Pedestre;Com Vítimas Feridas;Pleno dia;Decrescente;Céu Claro;Múltipla;Reta;Sim;2;1
308085;2020-09-15;terça-feira;14:30:00;SP;116;219.0;GUARULHOS;Falta de Atenção à Condução;Tombamento;Com Vítimas Feridas;Pleno dia;Crescente;Nublado;Múltipla;Reta;Sim;2;1
308140;2020-09-15;terça-feira;19:00:00;SP;116;209.5;GUARULHOS;Falta de Atenção à Condução;Colisão lateral;Com Vítimas Feridas;Plena Noite;Crescente;Nublado;Múltipla;Reta;Sim;2;1
308200;2020-09-16;quarta-feira;06:10:00;SP;116;203.0;ARUJA;Desobediência às normas de trânsito pelo pedestre;Atropelamento de Pedestre;Com Vítimas Feridas;Amanhecer;Decrescente;Nublado;Dupla;Não Informado;Não;2;1
308229;2020-09-16;quarta-feira;08:30:00;SP;116;212.0;GUARULHOS;Falta de Atenção à Condução;Saída de leito carroçável;Sem Vítimas;Pleno dia;Crescente;Céu Claro;Múltipla;Reta;Sim;1;1
308267;2020-09-16;quarta-feira;13:30:00;SP;116;151.3;SAO JOSE DOS CAMPOS;Falta de Atenção à Condução;Colisão lateral;Com Vítimas Feridas;Pleno dia;Crescente;Sol;Dupla;Interseção de vias;Não;5;2
308334;2020-09-16;quarta-feira;20:30:00;SP;116;211.0;GUARULHOS;Falta de Atenção à Condução;Colisão lateral;Com Vítimas Feridas;Plena Noite;Crescente;Céu Claro;Múltipla;Reta;Não;4;3
308351;2020-09-16;quarta-feira;22:30:00;SP;116;99.0;PINDAMONHANGABA;Objeto estático sobre o leito carroçável;Tombamento;Com Vítimas Feridas;Plena Noite;Decrescente;Céu Claro;Dupla;Não Informado;Não;1;1
308388;2020-09-17;quinta-feira;07:55:00;SP;116;145.2;SAO JOSE DOS CAMPOS;Falta de Atenção à Condução;Colisão lateral;Com Vítimas Feridas;Pleno dia;Crescente;Céu Claro;Dupla;Reta;Não;3;2
308395;2020-09-17;quinta-feira;08:20:00;SP;116;219.0;GUARULHOS;Falta de Atenção à Condução;Queda de ocupante de veículo;Com Vítimas Feridas;Pleno dia;Decrescente;Sol;Múltipla;Reta;Não;2;2
308484;2020-09-17;quinta-feira;16:30:00;SP;116;162.0;JACAREI;Defeito Mecânico no Veículo;Incêndio;Sem Vítimas;Pleno dia;Crescente;Sol;Dupla;Reta;Não;1;1
308515;2020-09-17;quinta-feira;19:00:00;SP;116;221.5;GUARULHOS;Não guardar distância de segurança;Colisão traseira;Com Vítimas Feridas;Plena Noite;Decrescente;Nublado;Múltipla;Reta;Sim;6;3
308634;2020-08-25;terça-feira;05:00:00;SP;116;220.0;GUARULHOS;Objeto estático sobre o leito carroçável;Saída de leito carroçável;Com Vítimas Feridas;Amanhecer;Crescente;Céu Claro;Múltipla;Reta;Sim;1;1
308705;2020-09-18;sexta-feira;18:20:00;SP;116;148.0;SAO JOSE DOS CAMPOS;Falta de Atenção à Condução;Engavetamento;Com Vítimas Feridas;Plena Noite;Decrescente;Nublado;Dupla;Reta;Sim;3;3
308721;2020-09-18;sexta-feira;17:00:00;SP;116;148.2;SAO JOSE DOS CAMPOS;Falta de Atenção à Condução;Colisão traseira;Com Vítimas Feridas;Pleno dia;Decrescente;Céu Claro;Simples;Reta;Sim;2;2
308919;2020-09-19;sábado;17:50:00;SP;116;224.0;GUARULHOS;Ingestão de Álcool;Colisão com objeto estático;Sem Vítimas;Anoitecer;Decrescente;Céu Claro;Múltipla;Reta;Sim;1;1
309197;2020-09-20;domingo;19:50:00;SP;116;205.0;ARUJA;Falta de Atenção à Condução;Colisão traseira;Sem Vítimas;Plena Noite;Crescente;Céu Claro;Dupla;Reta;Não;1;1
309238;2020-09-20;domingo;23:20:00;SP;116;132.5;CACAPAVA;Defeito Mecânico no Veículo;Saída de leito carroçável;Com Vítimas Feridas;Plena Noite;Crescente;Céu Claro;Dupla;Reta;Não;1;1
309356;2020-09-21;segunda-feira;13:20:00;SP;116;203.6;ARUJA;Não guardar distância de segurança;Colisão lateral;Com Vítimas Feridas;Pleno dia;Crescente;Garoa/Chuvisco;Dupla;Reta;Não;3;2
309368;2020-08-29;sábado;23:50:00;SP;116;218.0;GUARULHOS;Não guardar distância de segurança;Colisão traseira;Com Vítimas Feridas;Plena Noite;Decrescente;Céu Claro;Múltipla;Reta;Sim;3;3
309378;2020-09-21;segunda-feira;15:25:00;SP;116;220.0;GUARULHOS;Pista Escorregadia;Tombamento;Com Vítimas Feridas;Pleno dia;Crescente;Chuva;Múltipla;Reta;Sim;1;1
309441;2020-09-21;segunda-feira;18:40:00;SP;116;153.6;SAO JOSE DOS CAMPOS;Não guardar distância de segurança;Colisão traseira;Com Vítimas Feridas;Plena Noite;Crescente;Chuva;Dupla;Reta;Não;3;3
309461;2020-09-21;segunda-feira;21:00:00;SP;116;227.0;GUARULHOS;Falta de Atenção à Condução;Colisão lateral;Com Vítimas Feridas;Plena Noite;Crescente;Nublado;Múltipla;Reta;Não;2;2
309490;2020-09-22;terça-feira;03:00:00;SP;116;127.6;CACAPAVA;Falta de Atenção do Pedestre;Atropelamento de Pedestre;Com Vítimas Fatais;Plena Noite;Decrescente;Chuva;Dupla;Reta;Sim;2;1
309528;2020-09-22;terça-feira;08:40:00;SP;116;154.0;SAO JOSE DOS CAMPOS;Mal Súbito;Colisão com objeto estático;Com Vítimas Feridas;Pleno dia;Decrescente;Nublado;Dupla;Reta;Sim;1;1
309543;2020-09-22;terça-feira;08:30:00;SP;116;112.9;TAUBATE;Falta de Atenção à Condução;Colisão traseira;Com Vítimas Feridas;Pleno dia;Decrescente;Garoa/Chuvisco;Dupla;Reta;Sim;3;2
309654;2020-09-22;terça-feira;20:10:00;SP;116;216.0;GUARULHOS;Falta de Atenção à Condução;Colisão lateral;Com Vítimas Feridas;Plena Noite;Decrescente;Nublado;Dupla;Reta;Sim;2;2
310022;2020-09-24;quinta-feira;19:00:00;SP;116;212.0;GUARULHOS;Não guardar distância de segurança;Queda de ocupante de veículo;Com Vítimas Feridas;Plena Noite;Decrescente;Céu Claro;Múltipla;Reta;Sim;3;2
310032;2020-09-24;quinta-feira;20:45:00;SP;116;189.0;SANTA ISABEL;Falta de Atenção à Condução;Colisão com objeto estático;Com Vítimas Feridas;Plena Noite;Decrescente;Nublado;Dupla;Desvio Temporário;Não;1;1
310080;2020-09-25;sexta-feira;07:40:00;SP;116;144.7;SAO JOSE DOS CAMPOS;Falta de Atenção à Condução;Colisão traseira;Com Vítimas Feridas;Pleno dia;Crescente;Céu Claro;Múltipla;Não Informado;Sim;2;2
310417;2020-09-26;sábado;17:00:00;SP;116;114.0;TAUBATE;Ingestão de Álcool;Saída de leito carroçável;Com Vítimas Feridas;Pleno dia;Crescente;Céu Claro;Dupla;Reta;Não;1;1
310426;2020-09-26;sábado;17:40:00;SP;116;223.0;GUARULHOS;Falta de Atenção à Condução;Saída de leito carroçável;Sem Vítimas;Anoitecer;Crescente;Céu Claro;Múltipla;Reta;Sim;1;1
310464;2020-09-26;sábado;19:05:00;SP;116;104.9;TAUBATE;Defeito Mecânico no Veículo;Tombamento;Com Vítimas Feridas;Plena Noite;Crescente;Céu Claro;Dupla;Reta;Não;1;1
310473;2020-09-26;sábado;20:16:00;SP;116;126.1;CACAPAVA;Desobediência às normas de trânsito pelo condutor;Colisão traseira;Com Vítimas Feridas;Plena Noite;Crescente;Céu Claro;Dupla;Não Informado;Não;3;2
310474;2020-09-26;sábado;19:40:00;SP;116;179.0;GUARAREMA;Defeito Mecânico no Veículo;Tombamento;Com Vítimas Feridas;Plena Noite;Decrescente;Céu Claro;Dupla;Reta;Não;1;1
310517;2020-09-27;domingo;02:00:00;SP;116;222.0;GUARULHOS;Falta de Atenção à Condução;Colisão com objeto estático;Sem Vítimas;Plena Noite;Decrescente;Céu Claro;Múltipla;Reta;Sim;1;1
310526;2020-09-27;domingo;02:45:00;SP;116;112.8;TAUBATE;Agressão Externa;Danos eventuais;Com Vítimas Fatais;Plena Noite;Crescente;Céu Claro;Dupla;Reta;Sim;3;1
310554;2020-09-27;domingo;06:30:00;SP;116;225.0;GUARULHOS;Velocidade Incompatível;Colisão traseira;Com Vítimas Fatais;Amanhecer;Decrescente;Céu Claro;Simples;Não Informado;Sim;2;2
310572;2020-09-27;domingo;09:00:00;SP;116;211.0;GUARULHOS;Falta de Atenção à Condução;Tombamento;Com Vítimas Feridas;Pleno dia;Crescente;Sol;Dupla;Reta;Sim;1;1
310692;2020-09-27;domingo;18:00:00;SP;116;220.0;GUARULHOS;Falta de Atenção à Condução;Colisão traseira;Com Vítimas Feridas;Plena Noite;Crescente;Céu Claro;Múltipla;Reta;Sim;2;2
310829;2020-09-28;segunda-feira;08:00:00;SP;116;205.7;ARUJA;Falta de Atenção à Condução;Colisão lateral;Com Vítimas Feridas;Pleno dia;Crescente;Céu Claro;Dupla;Reta;Sim;2;2
311151;2020-09-30;quarta-feira;00:00:00;SP;116;221.0;GUARULHOS;Defeito Mecânico no Veículo;Tombamento;Com Vítimas Feridas;Plena Noite;Decrescente;Nublado;Múltipla;Reta;Sim;2;1
311194;2020-09-30;quarta-feira;09:10:00;SP;116;218.3;GUARULHOS;Falta de Atenção à Condução;Tombamento;Com Vítimas Feridas;Pleno dia;Crescente;Céu Claro;Múltipla;Reta;Sim;1;1
311234;2020-09-30;quarta-feira;14:00:00;SP;116;110.0;TAUBATE;Falta de Atenção à Condução;Colisão transversal;Com Vítimas Feridas;Pleno dia;Crescente;Céu Claro;Simples;Reta;Sim;2;2
311248;2020-09-30;quarta-feira;15:35:00;SP;116;223.0;GUARULHOS;Falta de Atenção à Condução;Colisão lateral;Com Vítimas Feridas;Pleno dia;Decrescente;Sol;Múltipla;Reta;Sim;2;2
311468;2020-10-01;quinta-feira;18:50:00;SP;116;214.0;GUARULHOS;Desobediência às normas de trânsito pelo condutor;Colisão lateral;Com Vítimas Feridas;Plena Noite;Decrescente;Céu Claro;Múltipla;Reta;Sim;2;2
311571;2020-10-02;sexta-feira;08:30:00;SP;116;107.9;TAUBATE;Desobediência às normas de trânsito pelo pedestre;Atropelamento de Pedestre;Com Vítimas Fatais;Pleno dia;Decrescente;Céu Claro;Dupla;Reta;Não;2;1
311585;2020-10-02;sexta-feira;10:07:00;SP;116;172.0;JACAREI;Falta de Atenção à Condução;Colisão com objeto estático;Com Vítimas Feridas;Pleno dia;Crescente;Céu Claro;Dupla;Reta;Não;2;1
311622;2020-10-02;sexta-feira;13:40:00;SP;116;166.0;JACAREI;Falta de Atenção à Condução;Tombamento;Com Vítimas Feridas;Pleno dia;Decrescente;Céu Claro;Simples;Curva;Não;1;1
311726;2020-10-02;sexta-feira;22:10:00;SP;116;123.4;CACAPAVA;Falta de Atenção à Condução;Saída de leito carroçável;Com Vítimas Feridas;Plena Noite;Decrescente;Céu Claro;Dupla;Não Informado;Não;2;1
311760;2020-10-03;sábado;02:05:00;SP;116;227.0;SAO PAULO;Ingestão de Álcool;Colisão traseira;Com Vítimas Feridas;Plena Noite;Crescente;Céu Claro;Múltipla;Desvio Temporário;Sim;4;3
311806;2020-10-03;sábado;07:00:00;SP;116;194.0;SANTA ISABEL;Avarias e/ou desgaste excessivo no pneu;Queda de ocupante de veículo;Com Vítimas Feridas;Amanhecer;Crescente;Céu Claro;Dupla;Reta;Não;2;1
311916;2020-10-03;sábado;16:03:00;SP;116;229.0;SAO PAULO;Falta de Atenção à Condução;Queda de ocupante de veículo;Com Vítimas Feridas;Pleno dia;Crescente;Céu Claro;Múltipla;Reta;Sim;2;2
312016;2020-10-03;sábado;23:45:00;SP;116;145.7;SAO JOSE DOS CAMPOS;Falta de Atenção à Condução;Colisão traseira;Com Vítimas Feridas;Plena Noite;Crescente;Céu Claro;Dupla;Não Informado;Não;5;3
312099;2020-10-04;domingo;09:50:00;SP;116;145.5;SAO JOSE DOS CAMPOS;Falta de Atenção à Condução;Colisão lateral;Com Vítimas Feridas;Pleno dia;Decrescente;Nublado;Simples;Retorno Regulamentado;Sim;3;2
312355;2020-10-05;segunda-feira;08:15:00;SP;116;143.6;SAO JOSE DOS CAMPOS;Falta de Atenção à Condução;Colisão traseira;Sem Vítimas;Pleno dia;Crescente;Céu Claro;Múltipla;Reta;Sim;2;2
312426;2020-10-05;segunda-feira;17:40:00;SP;116;217.0;GUARULHOS;Não guardar distância de segurança;Colisão traseira;Com Vítimas Feridas;Anoitecer;Crescente;Céu Claro;Múltipla;Reta;Sim;3;2
312428;2020-10-05;segunda-feira;18:17:00;SP;116;170.7;JACAREI;Falta de Atenção à Condução;Colisão lateral;Com Vítimas Feridas;Plena Noite;Crescente;Céu Claro;Dupla;Curva;Sim;1;1
312430;2020-10-05;segunda-feira;17:30:00;SP;116;154.9;SAO JOSE DOS CAMPOS;Desobediência às normas de trânsito pelo condutor;Tombamento;Com Vítimas Feridas;Pleno dia;Decrescente;Céu Claro;Dupla;Reta;Não;2;1
312473;2020-10-02;sexta-feira;07:50:00;SP;116;145.0;SAO JOSE DOS CAMPOS;Desobediência às normas de trânsito pelo condutor;Colisão lateral;Com Vítimas Feridas;Pleno dia;Crescente;Céu Claro;Dupla;Reta;Não;2;2
312598;2020-10-06;terça-feira;18:00:00;SP;116;216.4;GUARULHOS;Desobediência às normas de trânsito pelo condutor;Colisão lateral;Com Vítimas Feridas;Anoitecer;Crescente;Nublado;Múltipla;Não Informado;Sim;2;2
312770;2020-10-07;quarta-feira;17:20:00;SP;116;217.8;GUARULHOS;Não guardar distância de segurança;Colisão lateral;Com Vítimas Feridas;Pleno dia;Decrescente;Sol;Múltipla;Reta;Não;2;2
312785;2020-10-07;quarta-feira;18:45:00;SP;116;145.7;SAO JOSE DOS CAMPOS;Falta de Atenção à Condução;Tombamento;Com Vítimas Feridas;Plena Noite;Crescente;Céu Claro;Dupla;Não Informado;Não;1;1
312861;2020-10-08;quinta-feira;06:50:00;SP;116;221.0;GUARULHOS;Não guardar distância de segurança;Tombamento;Com Vítimas Feridas;Pleno dia;Decrescente;Chuva;Múltipla;Reta;Sim;1;1
312878;2020-10-08;quinta-feira;07:40:00;SP;116;211.0;GUARULHOS;Falta de Atenção à Condução;Tombamento;Com Vítimas Feridas;Pleno dia;Crescente;Nublado;Múltipla;Reta;Não;2;1
312984;2020-10-08;quinta-feira;18:40:00;SP;116;157.6;SAO JOSE DOS CAMPOS;Falta de Atenção à Condução;Tombamento;Com Vítimas Feridas;Plena Noite;Decrescente;Céu Claro;Simples;Não Informado;Sim;1;1
313008;2020-10-08;quinta-feira;20:45:00;SP;116;224.0;GUARULHOS;Ingestão de Álcool;Colisão traseira;Sem Vítimas;Plena Noite;Decrescente;Nublado;Dupla;Reta;Sim;2;2
313056;2020-10-09;sexta-feira;05:20:00;SP;116;153.0;SAO JOSE DOS CAMPOS;Falta de Atenção do Pedestre;Atropelamento de Pedestre;Com Vítimas Feridas;Amanhecer;Decrescente;Céu Claro;Múltipla;Reta;Sim;2;1
313207;2020-10-09;sexta-feira;17:30:00;SP;116;222.0;GUARULHOS;Falta de Atenção à Condução;Queda de ocupante de veículo;Com Vítimas Feridas;Anoitecer;Decrescente;Chuva;Múltipla;Reta;Sim;2;1
313232;2020-10-09;sexta-feira;18:30:00;SP;116;106.0;TAUBATE;Falta de Atenção à Condução;Tombamento;Com Vítimas Feridas;Plena Noite;Crescente;Garoa/Chuvisco;Dupla;Reta;Não;2;1
313321;2020-10-10;sábado;02:10:00;SP;116;119.0;TAUBATE;Falta de Atenção à Condução;Atropelamento de Pedestre;Com Vítimas Feridas;Plena Noite;Decrescente;Nublado;Dupla;Reta;Não;4;1
313337;2020-10-10;sábado;04:30:00;SP;116;104.0;TAUBATE;Falta de Atenção à Condução;Colisão traseira;Com Vítimas Feridas;Plena Noite;Decrescente;Nublado;Dupla;Desvio Temporário;Não;2;2
313355;2020-10-10;sábado;05:30:00;SP;116;209.0;GUARULHOS;Agressão Externa;Colisão lateral;Com Vítimas Feridas;Pleno dia;Decrescente;Céu Claro;Dupla;Reta;Sim;4;2
313364;2020-10-10;sábado;06:40:00;SP;116;210.0;GUARULHOS;Falta de Atenção à Condução;Colisão lateral;Com Vítimas Feridas;Pleno dia;Crescente;Céu Claro;Dupla;Reta;Sim;2;2
313379;2020-10-10;sábado;06:40:00;SP;116;217.0;GUARULHOS;Ingestão de Álcool;Atropelamento de Pedestre;Com Vítimas Feridas;Pleno dia;Crescente;Céu Claro;Múltipla;Reta;Sim;3;3
313390;2020-10-10;sábado;08:00:00;SP;116;209.0;GUARULHOS;Desobediência às normas de trânsito pelo condutor;Colisão traseira;Com Vítimas Feridas;Pleno dia;Crescente;Céu Claro;Dupla;Interseção de vias;Não;2;2
313396;2020-10-10;sábado;07:40:00;SP;116;145.6;SAO JOSE DOS CAMPOS;Velocidade Incompatível;Engavetamento;Com Vítimas Feridas;Pleno dia;Decrescente;Céu Claro;Dupla;Reta;Não;4;3
313423;2020-10-10;sábado;10:10:00;SP;116;144.9;SAO JOSE DOS CAMPOS;Não guardar distância de segurança;Colisão traseira;Sem Vítimas;Pleno dia;Decrescente;Céu Claro;Dupla;Reta;Sim;2;2
313514;2020-10-10;sábado;17:20:00;SP;116;175.0;JACAREI;Animais na Pista;Atropelamento de Animal;Com Vítimas Feridas;Pleno dia;Crescente;Céu Claro;Dupla;Reta;Não;1;1
313701;2020-10-10;sábado;20:00:00;SP;116;166.0;JACAREI;Falta de Atenção à Condução;Colisão lateral;Com Vítimas Feridas;Plena Noite;Decrescente;Céu Claro;Dupla;Não Informado;Não;2;2
313774;2020-10-11;domingo;00:35:00;SP;116;146.5;SAO JOSE DOS CAMPOS;Ingestão de Álcool;Colisão com objeto estático;Com Vítimas Feridas;Plena Noite;Crescente;Céu Claro;Dupla;Não Informado;Sim;1;1
313995;2020-10-11;domingo;11:00:00;SP;116;147.5;SAO JOSE DOS CAMPOS;Velocidade Incompatível;Colisão com objeto estático;Com Vítimas Feridas;Pleno dia;Decrescente;Céu Claro;Múltipla;Curva;Sim;2;1
314094;2020-10-11;domingo;17:40:00;SP;116;128.1;CACAPAVA;Defeito Mecânico no Veículo;Colisão traseira;Com Vítimas Feridas;Pleno dia;Crescente;Céu Claro;Dupla;Reta;Sim;4;3
314223;2020-10-12;segunda-feira;04:45:00;SP;116;219.0;GUARULHOS;Ingestão de álcool e/ou substâncias psicoativas pelo pedestre;Colisão com objeto estático;Sem Vítimas;Amanhecer;Decrescente;Céu Claro;Múltipla;Reta;Sim;1;1
314360;2020-10-12;segunda-feira;18:00:00;SP;116;107.2;TAUBATE;Falta de Atenção à Condução;Colisão traseira;Com Vítimas Feridas;Anoitecer;Decrescente;Céu Claro;Múltipla;Reta;Sim;4;3
314384;2020-10-12;segunda-feira;19:20:00;SP;116;139.0;SAO JOSE DOS CAMPOS;Falta de Atenção à Condução;Colisão lateral;Com Vítimas Feridas;Plena Noite;Crescente;Céu Claro;Dupla;Reta;Não;2;2
314385;2020-10-12;segunda-feira;19:45:00;SP;116;211.0;GUARULHOS;Falta de Atenção à Condução;Colisão traseira;Com Vítimas Feridas;Plena Noite;Decrescente;Céu Claro;Múltipla;Reta;Sim;2;2
314453;2020-10-13;terça-feira;03:30:00;SP;116;228.0;SAO PAULO;Falta de Atenção à Condução;Colisão traseira;Com Vítimas Feridas;Plena Noite;Decrescente;Céu Claro;Múltipla;Reta;Não;4;2
314525;2020-10-13;terça-feira;11:00:00;SP;116;227.0;GUARULHOS;Falta de Atenção à Condução;Colisão traseira;Com Vítimas Feridas;Pleno dia;Crescente;Céu Claro;Múltipla;Reta;Sim;2;2
314536;2020-10-13;terça-feira;12:50:00;SP;116;225.0;GUARULHOS;Falta de Atenção do Pedestre;Atropelamento de Pedestre;Com Vítimas Feridas;Pleno dia;Decrescente;Sol;Múltipla;Reta;Sim;3;1
314741;2020-10-14;quarta-feira;14:50:00;SP;116;218.2;GUARULHOS;Desobediência às normas de trânsito pelo condutor;Colisão traseira;Com Vítimas Feridas;Pleno dia;Crescente;Céu Claro;Múltipla;Reta;Não;2;2
314921;2020-10-15;quinta-feira;13:44:00;SP;116;223.0;GUARULHOS;Pista Escorregadia;Colisão traseira;Com Vítimas Feridas;Pleno dia;Crescente;Garoa/Chuvisco;Múltipla;Reta;Sim;2;2
314956;2020-10-15;quinta-feira;17:00:00;SP;116;155.0;SAO JOSE DOS CAMPOS;Falta de Atenção à Condução;Tombamento;Com Vítimas Feridas;Pleno dia;Decrescente;Nublado;Dupla;Reta;Não;1;1
314992;2020-10-15;quinta-feira;20:55:00;SP;116;211.0;GUARULHOS;Falta de Atenção à Condução;Colisão traseira;Sem Vítimas;Plena Noite;Crescente;Nublado;Múltipla;Reta;Não;4;4
314997;2020-10-15;quinta-feira;21:30:00;SP;116;219.0;GUARULHOS;Não guardar distância de segurança;Tombamento;Com Vítimas Feridas;Plena Noite;Decrescente;Nublado;Múltipla;Reta;Sim;1;1
315027;2020-10-15;quinta-feira;23:40:00;SP;116;125.0;CACAPAVA;Defeito Mecânico no Veículo;Queda de ocupante de veículo;Com Vítimas Feridas;Plena Noite;Crescente;Nublado;Dupla;Reta;Sim;1;1
315031;2020-10-16;sexta-feira;00:40:00;SP;116;102.0;PINDAMONHANGABA;Animais na Pista;Atropelamento de Animal;Sem Vítimas;Plena Noite;Decrescente;Chuva;Múltipla;Não Informado;Não;1;1
315063;2020-03-21;sábado;06:45:00;SP;116;162.0;JACAREI;Ingestão de Álcool;Colisão com objeto estático;Sem Vítimas;Amanhecer;Decrescente;Chuva;Múltipla;Curva;Sim;1;1
315097;2020-10-16;sexta-feira;13:15:00;SP;116;222.0;GUARULHOS;Falta de Atenção à Condução;Colisão lateral;Com Vítimas Feridas;Pleno dia;Crescente;Nublado;Dupla;Reta;Sim;3;2
315142;2020-10-16;sexta-feira;17:05:00;SP;116;224.0;GUARULHOS;Falta de Atenção à Condução;Colisão traseira;Com Vítimas Feridas;Pleno dia;Decrescente;Nublado;Múltipla;Reta;Sim;4;3
315174;2020-10-16;sexta-feira;18:40:00;SP;116;178.0;GUARAREMA;Falta de Atenção à Condução;Colisão lateral;Com Vítimas Feridas;Plena Noite;Decrescente;Nublado;Simples;Reta;Não;2;2
315340;2020-10-17;sábado;16:20:00;SP;116;216.0;GUARULHOS;Ingestão de Álcool;Colisão transversal;Com Vítimas Feridas;Pleno dia;Decrescente;Nublado;Múltipla;Reta;Sim;2;2
315374;2020-10-17;sábado;18:15:00;SP;116;221.0;GUARULHOS;Falta de Atenção à Condução;Colisão traseira;Com Vítimas Feridas;Plena Noite;Crescente;Nublado;Múltipla;Reta;Sim;2;1
315415;2020-10-17;sábado;19:15:00;SP;116;150.0;SAO JOSE DOS CAMPOS;Defeito Mecânico no Veículo;Queda de ocupante de veículo;Com Vítimas Feridas;Plena Noite;Decrescente;Céu Claro;Dupla;Reta;Sim;2;1
315701;2020-10-19;segunda-feira;08:00:00;SP;116;105.0;TAUBATE;Falta de Atenção à Condução;Colisão traseira;Com Vítimas Feridas;Pleno dia;Crescente;Nublado;Múltipla;Não Informado;Sim;2;2
315716;2020-10-19;segunda-feira;09:40:00;SP;116;103.0;TAUBATE;Falta de Atenção à Condução;Colisão traseira;Com Vítimas Feridas;Pleno dia;Decrescente;Céu Claro;Dupla;Reta;Não;2;2
315718;2020-10-19;segunda-feira;10:30:00;SP;116;223.0;GUARULHOS;Não guardar distância de segurança;Colisão traseira;Com Vítimas Feridas;Pleno dia;Crescente;Céu Claro;Múltipla;Reta;Sim;2;2
315804;2020-10-19;segunda-feira;19:10:00;SP;116;151.0;SAO JOSE DOS CAMPOS;Falta de Atenção do Pedestre;Atropelamento de Pedestre;Com Vítimas Feridas;Plena Noite;Decrescente;Céu Claro;Múltipla;Reta;Não;2;1
315844;2020-10-20;terça-feira;01:13:00;SP;116;216.0;GUARULHOS;Defeito Mecânico no Veículo;Tombamento;Com Vítimas Feridas;Plena Noite;Crescente;Nublado;Múltipla;Desvio Temporário;Sim;2;1
315857;2020-10-20;terça-feira;06:50:00;SP;116;223.0;GUARULHOS;Não guardar distância de segurança;Colisão lateral;Com Vítimas Feridas;Amanhecer;Crescente;Céu Claro;Múltipla;Reta;Sim;2;2
315858;2020-10-20;terça-feira;07:30:00;SP;116;218.0;GUARULHOS;Não guardar distância de segurança;Colisão lateral;Com Vítimas Feridas;Pleno dia;Crescente;Céu Claro;Múltipla;Desvio Temporário;Sim;3;3
315960;2020-10-20;terça-feira;15:50:00;SP;116;219.0;GUARULHOS;Falta de Atenção à Condução;Tombamento;Com Vítimas Feridas;Pleno dia;Crescente;Chuva;Dupla;Curva;Sim;1;1
315991;2020-10-20;terça-feira;19:00:00;SP;116;215.0;GUARULHOS;Falta de Atenção à Condução;Colisão lateral;Com Vítimas Feridas;Plena Noite;Decrescente;Nublado;Dupla;Reta;Não;2;2
316089;2020-10-21;quarta-feira;06:30:00;SP;116;215.0;GUARULHOS;Falta de Atenção à Condução;Colisão transversal;Com Vítimas Feridas;Pleno dia;Crescente;Nublado;Múltipla;Reta;Sim;3;2
316102;2020-10-20;terça-feira;21:30:00;SP;116;161.0;JACAREI;Falta de Atenção à Condução;Saída de leito carroçável;Com Vítimas Feridas;Plena Noite;Decrescente;Garoa/Chuvisco;Dupla;Reta;Sim;1;1
316173;2020-10-21;quarta-feira;17:45:00;SP;116;155.0;SAO JOSE DOS CAMPOS;Falta de Atenção à Condução;Queda de ocupante de veículo;Com Vítimas Feridas;Pleno dia;Crescente;Céu Claro;Múltipla;Não Informado;Sim;1;1
316181;2020-10-21;quarta-feira;18:35:00;SP;116;132.6;CACAPAVA;Defeito Mecânico no Veículo;Incêndio;Sem Vítimas;Anoitecer;Crescente;Céu Claro;Dupla;Reta;Sim;1;1
316264;2020-10-22;quinta-feira;07:45:00;SP;116;186.7;SANTA ISABEL;Velocidade Incompatível;Queda de ocupante de veículo;Com Vítimas Feridas;Pleno dia;Decrescente;Céu Claro;Dupla;Curva;Não;1;1
316275;2020-10-22;quinta-feira;07:10:00;SP;116;219.0;GUARULHOS;Condutor Dormindo;Colisão com objeto estático;Com Vítimas Feridas;Pleno dia;Crescente;Céu Claro;Simples;Reta;Sim;1;1
316283;2020-10-22;quinta-feira;09:00:00;SP;116;226.0;GUARULHOS;Não guardar distância de segurança;Colisão lateral;Com Vítimas Feridas;Pleno dia;Crescente;Nublado;Múltipla;Não Informado;Sim;4;2
316465;2020-10-23;sexta-feira;09:33:00;SP;116;224.0;GUARULHOS;Falta de Atenção à Condução;Colisão traseira;Com Vítimas Feridas;Pleno dia;Crescente;Céu Claro;Múltipla;Reta;Sim;4;3
316520;2020-10-23;sexta-feira;14:59:00;SP;116;214.0;GUARULHOS;Falta de Atenção à Condução;Colisão com objeto estático;Com Vítimas Feridas;Pleno dia;Decrescente;Sol;Múltipla;Curva;Não;1;1