id;data_inversa;dia_semana;horario;uf;br;km;municipio;causa_acidente;tipo_acidente;classificacao_acidente;fase_dia;sentido_via;condicao_metereologica;tipo_pista;tracado_via;uso_solo;pessoas;veiculos
316523;2020-10-23;sexta-feira;15:50:00;SP;116;216.6;GUARULHOS;Deficiência ou não Acionamento do Sistema de Iluminação/Sinalização do Veículo;Colisão lateral;Com Vítimas Feridas;Pleno dia;Decrescente;Sol;Múltipla;Reta;Não;3;2
316636;2020-10-24;sábado;01:01:00;SP;116;228.0;GUARULHOS;Falta de Atenção à Condução;Queda de ocupante de veículo;Com Vítimas Feridas;Plena Noite;Decrescente;Nublado;Múltipla;Não Informado;Sim;2;2
316665;2020-10-24;sábado;05:00:00;SP;116;211.5;GUARULHOS;Falta de Atenção à Condução;Saída de leito carroçável;Com Vítimas Feridas;Plena Noite;Crescente;Nublado;Múltipla;Reta;Não;1;1
316674;2020-10-24;sábado;06:35:00;SP;116;147.5;SAO JOSE DOS CAMPOS;Pista Escorregadia;Tombamento;Com Vítimas Feridas;Amanhecer;Crescente;Nublado;Simples;Curva;Sim;1;1
316690;2020-10-24;sábado;07:30:00;SP;116;120.0;CACAPAVA;Falta de Atenção à Condução;Capotamento;Com Vítimas Feridas;Pleno dia;Decrescente;Céu Claro;Dupla;Reta;Não;4;1
316814;2020-10-24;sábado;18:30:00;SP;116;213.0;GUARULHOS;Desobediência às normas de trânsito pelo condutor;Colisão traseira;Com Vítimas Feridas;Plena Noite;Decrescente;Chuva;Múltipla;Reta;Sim;2;2
316853;2020-10-24;sábado;22:10:00;SP;116;142.0;SAO JOSE DOS CAMPOS;Velocidade Incompatível;Saída de leito carroçável;Com Vítimas Fatais;Plena Noite;Crescente;Céu Claro;Dupla;Reta;Sim;1;1
316869;2020-10-24;sábado;23:50:00;SP;116;141.0;SAO JOSE DOS CAMPOS;Falta de Atenção à Condução;Colisão traseira;Com Vítimas Feridas;Plena Noite;Crescente;Céu Claro;Dupla;Reta;Não;4;2
316871;2020-10-24;sábado;20:40:00;SP;116;226.9;GUARULHOS;Ingestão de Álcool;Colisão traseira;Com Vítimas Feridas;Plena Noite;Crescente;Nublado;Dupla;Reta;Sim;2;2
316946;2020-10-24;sábado;21:07:00;SP;116;172.8;JACAREI;Falta de Atenção à Condução;Tombamento;Com Vítimas Feridas;Plena Noite;Decrescente;Céu Claro;Dupla;Reta;Não;1;1
316992;2020-10-25;domingo;09:30:00;SP;116;190.0;SANTA ISABEL;Falta de Atenção à Condução;Colisão com objeto estático;Com Vítimas Feridas;Pleno dia;Decrescente;Céu Claro;Dupla;Curva;Sim;1;1
317086;2020-10-25;domingo;18:59:00;SP;116;213.0;GUARULHOS;Falta de Atenção à Condução;Colisão com objeto estático;Com Vítimas Feridas;Amanhecer;Crescente;Céu Claro;Múltipla;Reta;Sim;1;1
317097;2020-10-25;domingo;20:10:00;SP;116;216.0;GUARULHOS;Ingestão de Álcool;Colisão lateral;Sem Vítimas;Plena Noite;Decrescente;Céu Claro;Múltipla;Curva;Sim;2;2
317199;2020-10-26;segunda-feira;07:53:00;SP;116;134.4;SAO JOSE DOS CAMPOS;Falta de Atenção à Condução;Colisão traseira;Com Vítimas Feridas;Pleno dia;Crescente;Nublado;Dupla;Não Informado;Não;2;2
317269;2020-10-26;segunda-feira;15:10:00;SP;116;228.0;SAO PAULO;Falta de Atenção à Condução;Colisão traseira;Com Vítimas Feridas;Pleno dia;Crescente;Nublado;Múltipla;Não Informado;Sim;3;2
317347;2020-10-26;segunda-feira;23:10:00;SP;116;216.3;GUARULHOS;Defeito Mecânico no Veículo;Tombamento;Com Vítimas Feridas;Plena Noite;Decrescente;Nublado;Múltipla;Reta;Sim;2;1
317400;2020-10-27;terça-feira;10:30:00;SP;116;227.8;GUARULHOS;Falta de Atenção à Condução;Tombamento;Com Vítimas Fatais;Pleno dia;Decrescente;Sol;Múltipla;Reta;Não;1;1
317401;2020-10-27;terça-feira;10:20:00;SP;116;225.5;GUARULHOS;Desobediência às normas de trânsito pelo condutor;Colisão traseira;Com Vítimas Feridas;Pleno dia;Decrescente;Céu Claro;Múltipla;Desvio Temporário;Sim;4;2
317459;2020-10-27;terça-feira;17:50:00;SP;116;150.0;SAO JOSE DOS CAMPOS;Não guardar distância de segurança;Colisão traseira;Com Vítimas Feridas;Pleno dia;Crescente;Céu Claro;Múltipla;Reta;Não;2;2
317468;2020-10-27;terça-feira;18:44:00;SP;116;218.5;GUARULHOS;Falta de Atenção à Condução;Colisão lateral;Com Vítimas Feridas;Plena Noite;Decrescente;Céu Claro;Múltipla;Não Informado;Sim;3;2
317481;2020-10-27;terça-feira;19:00:00;SP;116;162.0;JACAREI;Ingestão de Álcool;Atropelamento de Pedestre;Com Vítimas Feridas;Plena Noite;Crescente;Céu Claro;Dupla;Reta;Não;5;2
317529;2020-10-28;quarta-feira;06:20:00;SP;116;208.0;GUARULHOS;Não guardar distância de segurança;Colisão traseira;Com Vítimas Feridas;Pleno dia;Crescente;Sol;Dupla;Reta;Não;2;2
317533;2020-10-28;quarta-feira;06:40:00;SP;116;167.7;JACAREI;Objeto estático sobre o leito carroçável;Tombamento;Com Vítimas Feridas;Pleno dia;Crescente;Céu Claro;Dupla;Não Informado;Não;1;1
317535;2020-10-28;quarta-feira;07:20:00;SP;116;219.7;GUARULHOS;Velocidade Incompatível;Colisão traseira;Com Vítimas Feridas;Amanhecer;Crescente;Céu Claro;Múltipla;Reta;Sim;2;2
317550;2020-10-28;quarta-feira;07:55:00;SP;116;210.0;GUARULHOS;Falta de Atenção à Condução;Colisão lateral;Com Vítimas Feridas;Pleno dia;Crescente;Sol;Dupla;Reta;Sim;2;2
317551;2020-10-28;quarta-feira;08:20:00;SP;116;210.0;GUARULHOS;Falta de Atenção à Condução;Colisão traseira;Com Vítimas Feridas;Pleno dia;Decrescente;Céu Claro;Dupla;Reta;Não;2;2
317555;2020-10-28;quarta-feira;07:10:00;SP;116;205.3;GUARULHOS;Falta de Atenção à Condução;Colisão lateral;Com Vítimas Feridas;Pleno dia;Crescente;Céu Claro;Dupla;Reta;Sim;4;3
317575;2020-10-28;quarta-feira;12:00:00;SP;116;218.0;GUARULHOS;Falta de Atenção à Condução;Colisão lateral;Com Vítimas Fatais;Pleno dia;Crescente;Sol;Múltipla;Reta;Sim;3;2
317582;2020-10-04;domingo;20:00:00;SP;116;142.0;SAO JOSE DOS CAMPOS;Falta de Atenção à Condução;Colisão traseira;Com Vítimas Feridas;Plena Noite;Decrescente;Céu Claro;Dupla;Reta;Sim;10;4
317643;2020-10-28;quarta-feira;17:20:00;SP;116;174.0;JACAREI;Falta de Atenção à Condução;Colisão traseira;Com Vítimas Feridas;Pleno dia;Crescente;Céu Claro;Dupla;Não Informado;Não;2;2
317673;2020-10-28;quarta-feira;19:30:00;SP;116;227.0;GUARULHOS;Falta de Atenção à Condução;Colisão traseira;Com Vítimas Feridas;Plena Noite;Decrescente;Nublado;Dupla;Reta;Sim;2;2
317739;2020-10-29;quinta-feira;07:50:00;SP;116;225.0;GUARULHOS;Falta de Atenção à Condução;Queda de ocupante de veículo;Com Vítimas Feridas;Pleno dia;Decrescente;Céu Claro;Múltipla;Reta;Sim;1;1
317836;2020-10-29;quinta-feira;18:30:00;SP;116;162.0;JACAREI;Não guardar distância de segurança;Colisão traseira;Com Vítimas Feridas;Anoitecer;Decrescente;Céu Claro;Dupla;Reta;Sim;4;2
317939;2020-10-30;sexta-feira;08:50:00;SP;116;219.0;GUARULHOS;Desobediência às normas de trânsito pelo condutor;Colisão traseira;Com Vítimas Feridas;Pleno dia;Crescente;Chuva;Múltipla;Reta;Sim;3;2
317991;2020-10-30;sexta-feira;12:30:00;SP;116;208.0;GUARULHOS;Ingestão de Álcool;Queda de ocupante de veículo;Com Vítimas Feridas;Pleno dia;Crescente;Chuva;Dupla;Reta;Sim;1;1
318057;2020-10-30;sexta-feira;17:50:00;SP;116;214.2;GUARULHOS;Não guardar distância de segurança;Colisão traseira;Com Vítimas Feridas;Pleno dia;Decrescente;Chuva;Múltipla;Reta;Sim;2;2
318162;2020-10-31;sábado;04:30:00;SP;116;217.5;GUARULHOS;Ingestão de Álcool;Colisão com objeto estático;Com Vítimas Feridas;Plena Noite;Decrescente;Nublado;Múltipla;Reta;Sim;1;1
318236;2020-10-31;sábado;09:50:00;SP;116;222.0;GUARULHOS;Falta de Atenção à Condução;Colisão traseira;Com Vítimas Feridas;Pleno dia;Crescente;Chuva;Múltipla;Reta;Não;2;2
318256;2020-10-31;sábado;11:20:00;SP;116;147.0;SAO JOSE DOS CAMPOS;Não guardar distância de segurança;Colisão traseira;Com Vítimas Feridas;Pleno dia;Decrescente;Nublado;Dupla;Desvio Temporário;Sim;3;2
318361;2020-10-31;sábado;18:20:00;SP;116;112.0;TAUBATE;Defeito Mecânico no Veículo;Colisão com objeto estático;Com Vítimas Feridas;Plena Noite;Crescente;Nublado;Dupla;Reta;Sim;1;1
318454;2020-11-01;domingo;05:22:00;SP;116;220.2;GUARULHOS;Falta de Atenção do Pedestre;Atropelamento de Pedestre;Com Vítimas Fatais;Amanhecer;Decrescente;Garoa/Chuvisco;Múltipla;Reta;Sim;2;1
318481;2020-11-01;domingo;07:40:00;SP;116;129.0;CACAPAVA;Falta de Atenção à Condução;Colisão com objeto estático;Com Vítimas Feridas;Pleno dia;Decrescente;Céu Claro;Dupla;Reta;Sim;2;1
318574;2020-11-01;domingo;17:10:00;SP;116;228.8;SAO PAULO;Não guardar distância de segurança;Colisão traseira;Com Vítimas Feridas;Plena Noite;Decrescente;Céu Claro;Múltipla;Reta;Sim;2;2
318724;2020-11-02;segunda-feira;13:30:00;SP;116;117.0;TAUBATE;Avarias e/ou desgaste excessivo no pneu;Tombamento;Com Vítimas Feridas;Pleno dia;Crescente;Sol;Dupla;Reta;Não;2;1
318743;2020-11-02;segunda-feira;15:20:00;SP;116;101.2;PINDAMONHANGABA;Falta de Atenção à Condução;Colisão traseira;Com Vítimas Feridas;Pleno dia;Crescente;Céu Claro;Dupla;Reta;Não;2;1
318829;2020-11-02;segunda-feira;20:10:00;SP;116;206.0;GUARULHOS;Não guardar distância de segurança;Colisão lateral;Com Vítimas Feridas;Plena Noite;Crescente;Céu Claro;Dupla;Reta;Sim;3;2
318890;2020-11-03;terça-feira;07:00:00;SP;116;221.0;GUARULHOS;Falta de Atenção à Condução;Colisão traseira;Com Vítimas Feridas;Pleno dia;Crescente;Céu Claro;Múltipla;Reta;Sim;2;2
318917;2020-11-03;terça-feira;08:00:00;SP;116;150.0;SAO JOSE DOS CAMPOS;Falta de Atenção à Condução;Colisão lateral;Com Vítimas Feridas;Pleno dia;Crescente;Céu Claro;Dupla;Reta;Sim;2;2
318931;2020-11-03;terça-feira;10:37:00;SP;116;207.3;GUARULHOS;Não guardar distância de segurança;Colisão traseira;Com Vítimas Feridas;Pleno dia;Crescente;Sol;Dupla;Reta;Sim;2;2
318943;2020-11-03;terça-feira;12:00:00;SP;116;220.8;GUARULHOS;Não guardar distância de segurança;Colisão traseira;Com Vítimas Feridas;Pleno dia;Crescente;Céu Claro;Múltipla;Reta;Não;2;2
319076;2020-11-04;quarta-feira;06:45:00;SP;116;219.5;GUARULHOS;Falta de Atenção à Condução;Colisão lateral;Com Vítimas Feridas;Pleno dia;Crescente;Nublado;Múltipla;Reta;Sim;2;2
319168;2020-11-04;quarta-feira;18:45:00;SP;116;219.0;GUARULHOS;Falta de Atenção à Condução;Colisão traseira;Sem Vítimas;Plena Noite;Crescente;Nublado;Múltipla;Reta;Não;4;4
319255;2020-11-05;quinta-feira;08:15:00;SP;116;212.5;GUARULHOS;Falta de Atenção à Condução;Atropelamento de Pedestre;Com Vítimas Feridas;Pleno dia;Crescente;Garoa/Chuvisco;Múltipla;Reta;Sim;2;1
319308;2020-11-05;quinta-feira;14:40:00;SP;116;216.0;GUARULHOS;Velocidade Incompatível;Colisão traseira;Com Vítimas Feridas;Pleno dia;Crescente;Céu Claro;Dupla;Reta;Sim;4;4
319385;2020-11-05;quinta-feira;20:30:00;SP;116;150.5;SAO JOSE DOS CAMPOS;Falta de Atenção à Condução;Colisão transversal;Com Vítimas Feridas;Plena Noite;Crescente;Céu Claro;Múltipla;Curva;Sim;2;2
319456;2020-11-06;sexta-feira;09:00:00;SP;116;223.0;GUARULHOS;Ingestão de Álcool;Colisão lateral;Com Vítimas Feridas;Pleno dia;Crescente;Céu Claro;Múltipla;Reta;Sim;2;2
319514;2020-11-03;terça-feira;06:40:00;SP;116;223.0;GUARULHOS;Velocidade Incompatível;Colisão lateral;Com Vítimas Feridas;Pleno dia;Crescente;Céu Claro;Múltipla;Reta;Sim;2;2
319603;2020-11-07;sábado;04:30:00;SP;116;219.0;GUARULHOS;Falta de Atenção à Condução;Saída de leito carroçável;Com Vítimas Feridas;Amanhecer;Crescente;Nublado;Múltipla;Reta;Sim;2;1
319692;2020-11-07;sábado;15:45:00;SP;116;216.0;GUARULHOS;Falta de Atenção à Condução;Colisão com objeto estático;Com Vítimas Feridas;Pleno dia;Crescente;Céu Claro;Dupla;Reta;Sim;1;1
319763;2020-11-07;sábado;20:15:00;SP;116;165.0;JACAREI;Falta de Atenção à Condução;Colisão traseira;Sem Vítimas;Plena Noite;Decrescente;Céu Claro;Múltipla;Reta;Não;2;2
319852;2020-11-08;domingo;00:36:00;SP;116;211.5;GUARULHOS;Desobediência às normas de trânsito pelo condutor;Colisão com objeto estático;Com Vítimas Fatais;Plena Noite;Decrescente;Céu Claro;Múltipla;Reta;Sim;7;2
319863;2020-11-08;domingo;04:23:00;SP;116;157.0;JACAREI;Falta de Atenção à Condução;Colisão traseira;Com Vítimas Feridas;Amanhecer;Crescente;Céu Claro;Dupla;Desvio Temporário;Sim;2;2
319871;2020-11-08;domingo;05:19:00;SP;116;225.0;GUARULHOS;Falta de Atenção à Condução;Atropelamento de Pedestre;Com Vítimas Feridas;Amanhecer;Crescente;Céu Claro;Múltipla;Reta;Sim;2;1
319961;2020-11-08;domingo;07:35:00;SP;116;223.0;GUARULHOS;Falta de Atenção à Condução;Colisão traseira;Com Vítimas Feridas;Pleno dia;Crescente;Céu Claro;Múltipla;Reta;Sim;3;2
320011;2020-11-08;domingo;15:40:00;SP;116;118.0;TAUBATE;Não guardar distância de segurança;Colisão traseira;Com Vítimas Feridas;Pleno dia;Crescente;Céu Claro;Simples;Reta;Sim;3;1
320033;2020-11-08;domingo;17:30:00;SP;116;175.1;GUARAREMA;Falta de Atenção à Condução;Colisão traseira;Com Vítimas Feridas;Pleno dia;Crescente;Céu Claro;Simples;Desvio Temporário;Sim;2;1
320041;2020-11-08;domingo;18:30:00;SP;116;114.8;TAUBATE;Animais na Pista;Tombamento;Com Vítimas Feridas;Plena Noite;Crescente;Céu Claro;Dupla;Reta;Sim;1;1
320081;2020-11-08;domingo;21:00:00;SP;116;215.0;GUARULHOS;Ingestão de Álcool;Colisão lateral;Sem Vítimas;Plena Noite;Decrescente;Nublado;Múltipla;Reta;Não;3;3
320088;2020-11-08;domingo;17:37:00;SP;116;174.0;JACAREI;Não guardar distância de segurança;Colisão com objeto estático;Com Vítimas Feridas;Pleno dia;Crescente;Céu Claro;Dupla;Reta;Não;2;1
320119;2020-11-08;domingo;21:00:00;SP;116;215.0;GUARULHOS;Falta de Atenção à Condução;Colisão traseira;Sem Vítimas;Plena Noite;Decrescente;Nublado;Múltipla;Reta;Não;2;2
320148;2020-11-09;segunda-feira;06:10:00;SP;116;208.0;GUARULHOS;Não guardar distância de segurança;Colisão lateral;Com Vítimas Feridas;Amanhecer;Crescente;Nublado;Múltipla;Reta;Sim;2;2
320153;2020-11-09;segunda-feira;03:30:00;SP;116;226.0;GUARULHOS;Ingestão de Álcool;Capotamento;Sem Vítimas;Plena Noite;Decrescente;Nublado;Múltipla;Reta;Sim;1;1
320179;2020-11-09;segunda-feira;08:10:00;SP;116;207.0;GUARULHOS;Falta de Atenção à Condução;Colisão traseira;Com Vítimas Feridas;Pleno dia;Crescente;Céu Claro;Dupla;Reta;Sim;3;3
320318;2020-11-09;segunda-feira;21:30:00;SP;116;206.0;GUARULHOS;Falta de Atenção à Condução;Colisão frontal;Com Vítimas Feridas;Plena Noite;Crescente;Nublado;Dupla;Reta;Sim;2;2
320399;2020-11-10;terça-feira;09:44:00;SP;116;227.0;SAO PAULO;Não guardar distância de segurança;Colisão traseira;Com Vítimas Feridas;Pleno dia;Crescente;Céu Claro;Múltipla;Reta;Sim;4;4
320470;2020-11-10;terça-feira;16:30:00;SP;116;178.7;GUARAREMA;Desobediência às normas de trânsito pelo condutor;Colisão traseira;Com Vítimas Feridas;Pleno dia;Crescente;Nublado;Dupla;Interseção de vias;Não;3;2
320671;2020-11-11;quarta-feira;16:00:00;SP;116;190.4;SANTA ISABEL;Falta de Atenção à Condução;Queda de ocupante de veículo;Com Vítimas Feridas;Pleno dia;Decrescente;Chuva;Dupla;Curva;Não;1;1
320707;2020-11-11;quarta-feira;19:20:00;SP;116;227.0;SAO PAULO;Não guardar distância de segurança;Colisão com objeto estático;Com Vítimas Feridas;Plena Noite;Decrescente;Chuva;Múltipla;Reta;Não;2;2
320732;2020-11-11;quarta-feira;23:00:00;SP;116;229.0;SAO PAULO;Falta de Atenção à Condução;Atropelamento de Pedestre;Com Vítimas Feridas;Plena Noite;Crescente;Céu Claro;Múltipla;Reta;Não;2;1
320782;2020-11-12;quinta-feira;07:50:00;SP;116;147.0;SAO JOSE DOS CAMPOS;Pista Escorregadia;Tombamento;Com Vítimas Feridas;Pleno dia;Crescente;Nublado;Múltipla;Reta;Não;1;1
320833;2020-11-12;quinta-feira;12:07:00;SP;116;154.0;SAO JOSE DOS CAMPOS;Carga excessiva e/ou mal acondicionada;Colisão com objeto em movimento;Com Vítimas Feridas;Pleno dia;Crescente;Céu Claro;Dupla;Reta;Não;2;2
320986;2020-11-13;sexta-feira;07:30:00;SP;116;212.0;GUARULHOS;Falta de Atenção à Condução;Colisão traseira;Com Vítimas Feridas;Pleno dia;Decrescente;Céu Claro;Dupla;Reta;Sim;5;2
321001;2020-11-13;sexta-feira;08:35:00;SP;116;208.2;GUARULHOS;Defeito Mecânico no Veículo;Capotamento;Com Vítimas Feridas;Pleno dia;Decrescente;Céu Claro;Múltipla;Reta;Sim;1;1
321220;2020-11-14;sábado;00:00:00;SP;116;219.0;GUARULHOS;Defeito Mecânico no Veículo;Incêndio;Sem Vítimas;Plena Noite;Crescente;Nublado;Simples;Curva;Não;1;1
321232;2020-11-14;sábado;02:05:00;SP;116;218.0;GUARULHOS;Falta de Atenção à Condução;Capotamento;Com Vítimas Feridas;Plena Noite;Crescente;Nublado;Dupla;Reta;Sim;1;1
321358;2020-11-14;sábado;14:50:00;SP;116;224.0;GUARULHOS;Falta de Atenção à Condução;Colisão lateral;Com Vítimas Feridas;Pleno dia;Decrescente;Nublado;Múltipla;Reta;Sim;3;2
321411;2020-11-14;sábado;19:20:00;SP;116;208.0;GUARULHOS;Falta de Atenção à Condução;Queda de ocupante de veículo;Com Vítimas Feridas;Plena Noite;Decrescente;Céu Claro;Dupla;Reta;Sim;1;1
321442;2020-11-14;sábado;20:10:00;SP;116;145.8;SAO JOSE DOS CAMPOS;Ingestão de Álcool;Queda de ocupante de veículo;Com Vítimas Feridas;Plena Noite;Crescente;Nublado;Dupla;Reta;Sim;4;4
321501;2020-11-15;domingo;02:53:00;SP;116;229.0;GUARULHOS;Falta de Atenção à Condução;Saída de leito carroçável;Com Vítimas Feridas;Plena Noite;Decrescente;Céu Claro;Múltipla;Reta;Sim;1;1
321516;2020-11-15;domingo;05:00:00;SP;116;133.0;CACAPAVA;Velocidade Incompatível;Colisão com objeto estático;Sem Vítimas;Amanhecer;Crescente;Céu Claro;Dupla;Reta;Sim;3;3
321522;2020-11-15;domingo;06:50:00;SP;116;151.7;SAO JOSE DOS CAMPOS;Ingestão de Álcool;Colisão com objeto estático;Sem Vítimas;Pleno dia;Decrescente;Céu Claro;Múltipla;Reta;Sim;2;1
321533;2020-11-15;domingo;08:20:00;SP;116;219.0;GUARULHOS;Ingestão de Álcool;Colisão traseira;Com Vítimas Feridas;Pleno dia;Decrescente;Nublado;Múltipla;Reta;Sim;3;2
321561;2020-11-15;domingo;10:26:00;SP;116;186.0;SANTA ISABEL;Falta de Atenção à Condução;Colisão lateral;Com Vítimas Feridas;Pleno dia;Decrescente;Céu Claro;Dupla;Reta;Não;3;2
321717;2020-11-16;segunda-feira;00:30:00;SP;116;145.5;SAO JOSE DOS CAMPOS;Velocidade Incompatível;Colisão com objeto estático;Com Vítimas Feridas;Plena Noite;Decrescente;Céu Claro;Múltipla;Desvio Temporário;Sim;1;1
321745;2020-11-16;segunda-feira;04:30:00;SP;116;105.0;TAUBATE;Defeito Mecânico no Veículo;Queda de ocupante de veículo;Com Vítimas Feridas;Amanhecer;Crescente;Céu Claro;Dupla;Não Informado;Sim;1;1
321767;2020-11-16;segunda-feira;06:00:00;SP;116;218.5;GUARULHOS;Falta de Atenção à Condução;Colisão com objeto estático;Sem Vítimas;Pleno dia;Decrescente;Nublado;Múltipla;Reta;Sim;1;1
321943;2020-11-17;terça-feira;05:22:00;SP;116;229.0;SAO PAULO;Defeito na Via;Queda de ocupante de veículo;Com Vítimas Feridas;Amanhecer;Crescente;Garoa/Chuvisco;Múltipla;Desvio Temporário;Sim;1;1
322042;2020-11-17;terça-feira;16:00:00;SP;116;229.7;SAO PAULO;Não guardar distância de segurança;Colisão traseira;Com Vítimas Feridas;Pleno dia;Crescente;Nublado;Múltipla;Reta;Sim;2;2
322070;2020-11-17;terça-feira;17:45:00;SP;116;109.5;TAUBATE;Falta de Atenção à Condução;Colisão traseira;Com Vítimas Feridas;Pleno dia;Decrescente;Céu Claro;Dupla;Reta;Sim;2;2
322150;2020-11-18;quarta-feira;07:50:00;SP;116;131.0;CACAPAVA;Falta de Atenção à Condução;Colisão lateral;Com Vítimas Feridas;Pleno dia;Crescente;Céu Claro;Dupla;Reta;Não;2;2
322151;2020-11-18;quarta-feira;08:25:00;SP;116;136.0;SAO JOSE DOS CAMPOS;Falta de Atenção à Condução;Colisão traseira;Sem Vítimas;Pleno dia;Crescente;Nublado;Dupla;Reta;Sim;2;2
322161;2020-11-18;quarta-feira;10:00:00;SP;116;219.0;GUARULHOS;Falta de Atenção à Condução;Colisão lateral;Com Vítimas Feridas;Pleno dia;Crescente;Nublado;Múltipla;Reta;Sim;3;3
322258;2020-11-18;quarta-feira;18:54:00;SP;116;103.4;PINDAMONHANGABA;Falta de Atenção à Condução;Colisão com objeto estático;Com Vítimas Feridas;Plena Noite;Crescente;Chuva;Dupla;Reta;Não;2;1
322349;2020-11-19;quinta-feira;06:30:00;SP;116;221.5;GUARULHOS;Não guardar distância de segurança;Colisão lateral;Com Vítimas Feridas;Pleno dia;Crescente;Sol;Múltipla;Reta;Sim;3;2
322364;2020-11-18;quarta-feira;16:50:00;SP;116;145.6;SAO JOSE DOS CAMPOS;Desobediência às normas de trânsito pelo condutor;Colisão transversal;Com Vítimas Feridas;Pleno dia;Crescente;Nublado;Dupla;Reta;Não;2;2
322412;2020-11-19;quinta-feira;12:40:00;SP;116;221.8;GUARULHOS;Falta de Atenção à Condução;Colisão traseira;Com Vítimas Feridas;Pleno dia;Crescente;Garoa/Chuvisco;Múltipla;Reta;Não;2;2
322679;2020-11-20;sexta-feira;18:10:00;SP;116;104.9;TAUBATE;Falta de Atenção à Condução;Colisão traseira;Com Vítimas Feridas;Anoitecer;Crescente;Céu Claro;Dupla;Não Informado;Não;2;2
322716;2020-11-20;sexta-feira;21:40:00;SP;116;210.3;GUARULHOS;Ingestão de Álcool;Colisão lateral;Sem Vítimas;Plena Noite;Crescente;Nublado;Múltipla;Reta;Não;2;2
322756;2020-11-21;sábado;03:20:00;SP;116;229.0;SAO PAULO;Desobediência às normas de trânsito pelo pedestre;Atropelamento de Pedestre;Com Vítimas Fatais;Amanhecer;Crescente;Nublado;Múltipla;Reta;Não;2;1
322820;2020-11-21;sábado;09:20:00;SP;116;145.8;SAO JOSE DOS CAMPOS;Falta de Atenção à Condução;Saída de leito carroçável;Com Vítimas Feridas;Pleno dia;Crescente;Céu Claro;Simples;Desvio Temporário;Não;1;1
322828;2020-11-21;sábado;10:20:00;SP;116;203.0;ARUJA;Falta de Atenção à Condução;Tombamento;Com Vítimas Feridas;Pleno dia;Crescente;Céu Claro;Dupla;Reta;Sim;1;1
322835;2020-11-21;sábado;10:40:00;SP;116;112.6;TAUBATE;Não guardar distância de segurança;Colisão traseira;Com Vítimas Feridas;Pleno dia;Decrescente;Sol;Dupla;Reta;Não;3;2
322867;2020-11-21;sábado;16:25:00;SP;116;214.7;GUARULHOS;Ingestão de Álcool;Colisão traseira;Sem Vítimas;Pleno dia;Decrescente;Céu Claro;Múltipla;Reta;Sim;4;2
322874;2020-11-21;sábado;16:40:00;SP;116;111.0;TAUBATE;Não guardar distância de segurança;Colisão traseira;Com Vítimas Feridas;Pleno dia;Decrescente;Céu Claro;Dupla;Reta;Sim;3;2
322896;2020-11-21;sábado;19:00:00;SP;116;220.7;GUARULHOS;Falta de Atenção à Condução;Colisão traseira;Com Vítimas Feridas;Plena Noite;Decrescente;Nublado;Múltipla;Reta;Não;3;2
322943;2020-11-21;sábado;21:35:00;SP;116;208.5;GUARULHOS;Falta de Atenção à Condução;Saída de leito carroçável;Com Vítimas Feridas;Plena Noite;Crescente;Céu Claro;Dupla;Reta;Sim;1;1
322970;2020-11-22;domingo;00:20:00;SP;116;156.5;SAO JOSE DOS CAMPOS;Restrição de Visibilidade;Colisão traseira;Com Vítimas Feridas;Plena Noite;Crescente;Nublado;Múltipla;Reta;Sim;2;2
323201;2020-11-22;domingo;23:10:00;SP;116;223.0;GUARULHOS;Ingestão de Álcool;Colisão com objeto estático;Com Vítimas Feridas;Plena Noite;Crescente;Céu Claro;Múltipla;Reta;Sim;1;1
323392;2020-11-23;segunda-feira;19:30:00;SP;116;187.0;SANTA ISABEL;Animais na Pista;Atropelamento de Animal;Com Vítimas Feridas;Plena Noite;Decrescente;Céu Claro;Dupla;Curva;Não;2;1
323400;2020-11-23;segunda-feira;20:45:00;SP;116;209.9;GUARULHOS;Falta de Atenção à Condução;Colisão traseira;Com Vítimas Feridas;Plena Noite;Crescente;Nublado;Dupla;Reta;Sim;2;2
323489;2020-11-24;terça-feira;12:05:00;SP;116;217.0;GUARULHOS;Falta de Atenção à Condução;Colisão lateral;Com Vítimas Feridas;Pleno dia;Decrescente;Céu Claro;Múltipla;Não Informado;Sim;7;4
323643;2020-11-25;quarta-feira;07:50:00;SP;116;218.7;GUARULHOS;Não guardar distância de segurança;Colisão lateral;Com Vítimas Feridas;Pleno dia;Crescente;Céu Claro;Múltipla;Reta;Sim;3;3
323778;2020-11-25;quarta-feira;20:14:00;SP;116;138.5;SAO JOSE DOS CAMPOS;Defeito Mecânico no Veículo;Incêndio;Sem Vítimas;Plena Noite;Decrescente;Céu Claro;Dupla;Reta;Sim;1;1
323809;2020-11-26;quinta-feira;00:30:00;SP;116;222.0;GUARULHOS;Velocidade Incompatível;Colisão traseira;Com Vítimas Feridas;Pleno dia;Decrescente;Céu Claro;Dupla;Reta;Sim;5;3